country,unit,year,montly_earnings
Aruba,Currency: 2017 PPP $,2010,1860.38
Aruba,Currency: U.S. dollars,2010,1683.24
Angola,Currency: 2017 PPP $,2011,683.46
Angola,Currency: U.S. dollars,2011,588.85
Albania,Currency: 2017 PPP $,2015,889.85
Albania,Currency: U.S. dollars,2015,371.77
Albania,Currency: 2017 PPP $,2016,894.05
Albania,Currency: U.S. dollars,2016,382.81
Albania,Currency: 2017 PPP $,2017,952.1
Albania,Currency: U.S. dollars,2017,411.14
Albania,Currency: 2017 PPP $,2018,989.54
Albania,Currency: U.S. dollars,2018,468.46
Albania,Currency: U.S. dollars,2019,476.83
Argentina,Currency: U.S. dollars,2010,620.72
Argentina,Currency: 2017 PPP $,2011,996.93
Argentina,Currency: U.S. dollars,2011,766.75
Argentina,Currency: 2017 PPP $,2012,1078.6
Argentina,Currency: U.S. dollars,2012,865.27
Argentina,Currency: 2017 PPP $,2013,1097.03
Argentina,Currency: U.S. dollars,2013,913.85
Argentina,Currency: 2017 PPP $,2014,1017.11
Argentina,Currency: U.S. dollars,2014,800.11
Argentina,Currency: 2017 PPP $,2017,1340.88
Argentina,Currency: U.S. dollars,2017,874.98
Argentina,Currency: 2017 PPP $,2018,1302.86
Argentina,Currency: U.S. dollars,2018,656.95
Argentina,Currency: U.S. dollars,2019,530.92
Armenia,Currency: 2017 PPP $,2015,700.08
Armenia,Currency: U.S. dollars,2015,209.93
Armenia,Currency: 2017 PPP $,2016,728.69
Armenia,Currency: U.S. dollars,2016,208.3
Armenia,Currency: 2017 PPP $,2017,618.86
Armenia,Currency: U.S. dollars,2017,214.5
Armenia,Currency: 2017 PPP $,2018,633.72
Armenia,Currency: U.S. dollars,2018,219.69
Armenia,Currency: 2017 PPP $,2010,646.77
Armenia,Currency: U.S. dollars,2010,274.72
Armenia,Currency: 2017 PPP $,2011,652.62
Armenia,Currency: U.S. dollars,2011,290.18
Armenia,Currency: 2017 PPP $,2012,775.18
Armenia,Currency: U.S. dollars,2012,281.67
Armenia,Currency: 2017 PPP $,2013,1021.14
Armenia,Currency: U.S. dollars,2013,357.7
Armenia,Currency: 2017 PPP $,2014,861.56
Armenia,Currency: U.S. dollars,2014,381.28
Austria,Currency: 2017 PPP $,2011,2841.89
Austria,Currency: U.S. dollars,2011,3365.75
Austria,Currency: 2017 PPP $,2012,2894.41
Austria,Currency: U.S. dollars,2012,3182.42
Austria,Currency: 2017 PPP $,2013,2972.53
Austria,Currency: U.S. dollars,2013,3337.56
Austria,Currency: 2017 PPP $,2015,3055.99
Austria,Currency: U.S. dollars,2015,2883.62
Austria,Currency: 2017 PPP $,2016,3179.94
Austria,Currency: U.S. dollars,2016,2928.87
Austria,Currency: 2017 PPP $,2017,3231.37
Austria,Currency: U.S. dollars,2017,3037.71
Austria,Currency: 2017 PPP $,2018,3338.72
Austria,Currency: U.S. dollars,2018,3268.88
Azerbaijan,Currency: 2017 PPP $,2010,1071.57
Azerbaijan,Currency: U.S. dollars,2010,413.01
Azerbaijan,Currency: 2017 PPP $,2011,1126.02
Azerbaijan,Currency: U.S. dollars,2011,461.2
Azerbaijan,Currency: 2017 PPP $,2012,1304.81
Azerbaijan,Currency: U.S. dollars,2012,507.1
Azerbaijan,Currency: 2017 PPP $,2013,1370.7
Azerbaijan,Currency: U.S. dollars,2013,541.85
Azerbaijan,Currency: 2017 PPP $,2014,1375.16
Azerbaijan,Currency: U.S. dollars,2014,566.71
Azerbaijan,Currency: 2017 PPP $,2015,1413.55
Azerbaijan,Currency: U.S. dollars,2015,455.71
Azerbaijan,Currency: 2017 PPP $,2016,1395.01
Azerbaijan,Currency: U.S. dollars,2016,313.21
Azerbaijan,Currency: 2017 PPP $,2017,1085.29
Azerbaijan,Currency: U.S. dollars,2017,307.06
Azerbaijan,Currency: 2017 PPP $,2018,1120.31
Azerbaijan,Currency: U.S. dollars,2018,320.35
Azerbaijan,Currency: U.S. dollars,2019,373.41
Burundi,Currency: 2017 PPP $,2014,113.46
Burundi,Currency: U.S. dollars,2014,41.4
Belgium,Currency: 2017 PPP $,2011,3279.15
Belgium,Currency: U.S. dollars,2011,4019.97
Belgium,Currency: 2017 PPP $,2013,3415.86
Belgium,Currency: U.S. dollars,2013,3952.48
Belgium,Currency: 2017 PPP $,2014,3439.95
Belgium,Currency: U.S. dollars,2014,3929.71
Belgium,Currency: 2017 PPP $,2015,3561.59
Belgium,Currency: U.S. dollars,2015,3419.52
Belgium,Currency: 2017 PPP $,2016,3619.18
Belgium,Currency: U.S. dollars,2016,3421.44
Benin,Currency: 2017 PPP $,2011,0.38
Benin,Currency: U.S. dollars,2011,0.18
Burkina Faso,Currency: 2017 PPP $,2018,538.37
Burkina Faso,Currency: U.S. dollars,2018,192.68
Bangladesh,Currency: 2017 PPP $,2016,453.62
Bangladesh,Currency: U.S. dollars,2016,164.59
Bangladesh,Currency: 2017 PPP $,2017,407.12
Bangladesh,Currency: U.S. dollars,2017,149.38
Bulgaria,Currency: 2017 PPP $,2010,770.3
Bulgaria,Currency: U.S. dollars,2010,438.61
Bulgaria,Currency: 2017 PPP $,2011,845.78
Bulgaria,Currency: U.S. dollars,2011,487.75
Bulgaria,Currency: 2017 PPP $,2012,907.23
Bulgaria,Currency: U.S. dollars,2012,480.33
Bulgaria,Currency: 2017 PPP $,2013,995.19
Bulgaria,Currency: U.S. dollars,2013,525.93
Bulgaria,Currency: 2017 PPP $,2014,1098.5
Bulgaria,Currency: U.S. dollars,2014,557.6
Bulgaria,Currency: 2017 PPP $,2015,1157.84
Bulgaria,Currency: U.S. dollars,2015,497.62
Bulgaria,Currency: 2017 PPP $,2016,1288.5
Bulgaria,Currency: U.S. dollars,2016,536.19
Bulgaria,Currency: 2017 PPP $,2017,1387.12
Bulgaria,Currency: U.S. dollars,2017,597.54
Bulgaria,Currency: 2017 PPP $,2018,1520.69
Bulgaria,Currency: U.S. dollars,2018,691.59
Bahrain,Currency: 2017 PPP $,2015,3849.14
Bahrain,Currency: U.S. dollars,2015,2087.77
Bahrain,Currency: 2017 PPP $,2016,3923.7
Bahrain,Currency: U.S. dollars,2016,2191.49
Bahrain,Currency: 2017 PPP $,2017,4100.69
Bahrain,Currency: U.S. dollars,2017,2226.06
Bahrain,Currency: 2017 PPP $,2018,4193.72
Bahrain,Currency: U.S. dollars,2018,2268.62
Bosnia and Herzegovina,Currency: 2017 PPP $,2010,782.65
Bosnia and Herzegovina,Currency: U.S. dollars,2010,471.49
Bosnia and Herzegovina,Currency: 2017 PPP $,2011,810.23
Bosnia and Herzegovina,Currency: U.S. dollars,2011,501.31
Bosnia and Herzegovina,Currency: 2017 PPP $,2012,815.93
Bosnia and Herzegovina,Currency: U.S. dollars,2012,458.74
Bosnia and Herzegovina,Currency: 2017 PPP $,2013,871.64
Bosnia and Herzegovina,Currency: U.S. dollars,2013,493
Bosnia and Herzegovina,Currency: 2017 PPP $,2014,905
Bosnia and Herzegovina,Currency: U.S. dollars,2014,507.31
Bosnia and Herzegovina,Currency: 2017 PPP $,2015,899.96
Bosnia and Herzegovina,Currency: U.S. dollars,2015,418.74
Bosnia and Herzegovina,Currency: 2017 PPP $,2016,942.11
Bosnia and Herzegovina,Currency: U.S. dollars,2016,420.61
Bosnia and Herzegovina,Currency: 2017 PPP $,2017,943.06
Bosnia and Herzegovina,Currency: U.S. dollars,2017,432.34
Bosnia and Herzegovina,Currency: 2017 PPP $,2018,990.95
Bosnia and Herzegovina,Currency: U.S. dollars,2018,470.3
Bosnia and Herzegovina,Currency: U.S. dollars,2019,474.54
Belarus,Currency: U.S. dollars,2010,527.23
Belarus,Currency: U.S. dollars,2011,568.77
Belarus,Currency: U.S. dollars,2013,647.01
Belarus,Currency: 2017 PPP $,2016,1617.95
Belarus,Currency: U.S. dollars,2016,385.21
Belarus,Currency: 2017 PPP $,2017,1562.48
Belarus,Currency: U.S. dollars,2017,498.51
Belarus,Currency: 2017 PPP $,2018,1734.95
Belarus,Currency: U.S. dollars,2018,537.39
Belarus,Currency: U.S. dollars,2019,578.88
Belize,Currency: 2017 PPP $,2014,1155.86
Belize,Currency: U.S. dollars,2014,753.03
Belize,Currency: 2017 PPP $,2015,887.24
Belize,Currency: U.S. dollars,2015,599.35
Belize,Currency: 2017 PPP $,2016,824.58
Belize,Currency: U.S. dollars,2016,579.2
Belize,Currency: 2017 PPP $,2017,811.18
Belize,Currency: U.S. dollars,2017,599.06
Belize,Currency: U.S. dollars,2018,608.98
Belize,Currency: U.S. dollars,2019,510
Bermuda,Currency: U.S. dollars,2010,5835.5
Bermuda,Currency: 2017 PPP $,2012,3358.68
Bermuda,Currency: U.S. dollars,2012,5869.8
Bermuda,Currency: 2017 PPP $,2013,3567.71
Bermuda,Currency: U.S. dollars,2013,6221.1
Bolivia,Currency: 2017 PPP $,2011,706.36
Bolivia,Currency: U.S. dollars,2011,294.38
Bolivia,Currency: 2017 PPP $,2012,845.82
Bolivia,Currency: U.S. dollars,2012,335.36
Bolivia,Currency: 2017 PPP $,2013,938.6
Bolivia,Currency: U.S. dollars,2013,377.84
Bolivia,Currency: 2017 PPP $,2014,979.08
Bolivia,Currency: U.S. dollars,2014,392.45
Bolivia,Currency: 2017 PPP $,2015,2154.62
Bolivia,Currency: U.S. dollars,2015,852.19
Bolivia,Currency: 2017 PPP $,2016,2370.28
Bolivia,Currency: U.S. dollars,2016,914.14
Bolivia,Currency: 2017 PPP $,2017,2508.33
Bolivia,Currency: U.S. dollars,2017,948.13
Bolivia,Currency: 2017 PPP $,2018,2627.41
Bolivia,Currency: U.S. dollars,2018,991.49
Bolivia,Currency: U.S. dollars,2019,987.72
Brazil,Currency: 2017 PPP $,2012,851.07
Brazil,Currency: U.S. dollars,2012,724.4
Brazil,Currency: 2017 PPP $,2013,855.6
Brazil,Currency: U.S. dollars,2013,710.91
Brazil,Currency: 2017 PPP $,2014,880.67
Brazil,Currency: U.S. dollars,2014,711.46
Brazil,Currency: 2017 PPP $,2015,881.19
Brazil,Currency: U.S. dollars,2015,551.74
Brazil,Currency: 2017 PPP $,2016,915.25
Brazil,Currency: U.S. dollars,2016,589.6
Brazil,Currency: 2017 PPP $,2017,933.9
Brazil,Currency: U.S. dollars,2017,681.06
Brazil,Currency: 2017 PPP $,2018,970
Brazil,Currency: U.S. dollars,2018,625.23
Brazil,Currency: U.S. dollars,2019,603.46
Brazil,Currency: 2017 PPP $,2011,740.07
Brazil,Currency: U.S. dollars,2011,730.51
Brunei Darussalam,Currency: 2017 PPP $,2014,2717.75
Brunei Darussalam,Currency: U.S. dollars,2014,1651.35
Botswana,Currency: U.S. dollars,2019,476.62
Botswana,Currency: 2017 PPP $,2010,1144.93
Botswana,Currency: U.S. dollars,2010,683.14
Botswana,Currency: 2017 PPP $,2011,1110.06
Botswana,Currency: U.S. dollars,2011,691.85
Canada,Currency: 2017 PPP $,2010,2732.48
Canada,Currency: U.S. dollars,2010,3435.69
Canada,Currency: 2017 PPP $,2011,2820.59
Canada,Currency: U.S. dollars,2011,3662.62
Canada,Currency: 2017 PPP $,2012,2912.16
Canada,Currency: U.S. dollars,2012,3742.07
Canada,Currency: 2017 PPP $,2013,2931.36
Canada,Currency: U.S. dollars,2013,3708.02
Canada,Currency: 2017 PPP $,2014,2965.6
Canada,Currency: U.S. dollars,2014,3520.01
Canada,Currency: 2017 PPP $,2015,2982.17
Canada,Currency: U.S. dollars,2015,3125.56
Canada,Currency: 2017 PPP $,2016,3132.92
Canada,Currency: U.S. dollars,2016,3073.39
Canada,Currency: 2017 PPP $,2017,3189.9
Canada,Currency: U.S. dollars,2017,3188.65
Canada,Currency: 2017 PPP $,2018,3277.09
Canada,Currency: U.S. dollars,2018,3288.49
Canada,Currency: U.S. dollars,2019,3316.64
Switzerland,Currency: 2017 PPP $,2010,4440.74
Switzerland,Currency: U.S. dollars,2010,6741.13
Switzerland,Currency: 2017 PPP $,2012,4120.69
Switzerland,Currency: U.S. dollars,2012,6619.5
Switzerland,Currency: 2017 PPP $,2014,5100.63
Switzerland,Currency: U.S. dollars,2014,7976.85
Switzerland,Currency: 2017 PPP $,2016,5420.85
Switzerland,Currency: U.S. dollars,2016,7602.03
Chile,Currency: 2017 PPP $,2011,1157.89
Chile,Currency: U.S. dollars,2011,886.25
Chile,Currency: 2017 PPP $,2013,1208.61
Chile,Currency: U.S. dollars,2013,952.11
Chile,Currency: 2017 PPP $,2015,1182.85
Chile,Currency: U.S. dollars,2015,808.79
Chile,Currency: 2017 PPP $,2016,1388.81
Chile,Currency: U.S. dollars,2016,975.27
Chile,Currency: 2017 PPP $,2017,1558.71
Chile,Currency: U.S. dollars,2017,1166.32
Chile,Currency: U.S. dollars,2019,1151.5
China,Currency: 2017 PPP $,2010,842.66
China,Currency: U.S. dollars,2010,449.76
China,Currency: 2017 PPP $,2011,941.98
China,Currency: U.S. dollars,2011,539.04
China,Currency: 2017 PPP $,2012,1063.49
China,Currency: U.S. dollars,2012,617.43
China,Currency: 2017 PPP $,2013,1118.15
China,Currency: U.S. dollars,2013,692.45
China,Currency: 2017 PPP $,2014,1190.59
China,Currency: U.S. dollars,2014,764.5
China,Currency: 2017 PPP $,2015,1283.51
China,Currency: U.S. dollars,2015,830.03
China,Currency: 2017 PPP $,2016,1372.36
China,Currency: U.S. dollars,2016,847.43
Côte d'Ivoire,Currency: 2017 PPP $,2012,327.14
Côte d'Ivoire,Currency: U.S. dollars,2012,150.69
Côte d'Ivoire,Currency: 2017 PPP $,2013,468.83
Côte d'Ivoire,Currency: U.S. dollars,2013,231.44
Côte d'Ivoire,Currency: 2017 PPP $,2017,446.57
Côte d'Ivoire,Currency: U.S. dollars,2017,190.07
Cameroon,Currency: 2017 PPP $,2014,569.47
Cameroon,Currency: U.S. dollars,2014,276.89
Colombia,Currency: 2017 PPP $,2010,710.46
Colombia,Currency: U.S. dollars,2010,452.02
Colombia,Currency: 2017 PPP $,2011,733.77
Colombia,Currency: U.S. dollars,2011,480.8
Colombia,Currency: 2017 PPP $,2012,854.65
Colombia,Currency: U.S. dollars,2012,510.82
Colombia,Currency: 2017 PPP $,2013,887.82
Colombia,Currency: U.S. dollars,2013,524.67
Colombia,Currency: 2017 PPP $,2014,868.22
Colombia,Currency: U.S. dollars,2014,519.66
Colombia,Currency: 2017 PPP $,2015,828.38
Colombia,Currency: U.S. dollars,2015,381.16
Colombia,Currency: 2017 PPP $,2016,819.04
Colombia,Currency: U.S. dollars,2016,364.21
Colombia,Currency: 2017 PPP $,2017,829.14
Colombia,Currency: U.S. dollars,2017,398.76
Colombia,Currency: 2017 PPP $,2018,861.08
Colombia,Currency: U.S. dollars,2018,416.72
Colombia,Currency: U.S. dollars,2019,398.07
Comoros,Currency: 2017 PPP $,2014,377.21
Comoros,Currency: U.S. dollars,2014,227.85
Cape Verde,Currency: 2017 PPP $,2015,645.36
Cape Verde,Currency: U.S. dollars,2015,323.92
Costa Rica,Currency: 2017 PPP $,2018,81.8
Costa Rica,Currency: U.S. dollars,2018,52.72
Costa Rica,Currency: 2017 PPP $,2010,1091.59
Costa Rica,Currency: U.S. dollars,2010,713.44
Costa Rica,Currency: 2017 PPP $,2011,1120.76
Costa Rica,Currency: U.S. dollars,2011,774.43
Costa Rica,Currency: 2017 PPP $,2012,1403.4
Costa Rica,Currency: U.S. dollars,2012,865.63
Costa Rica,Currency: 2017 PPP $,2013,1466.24
Costa Rica,Currency: U.S. dollars,2013,948.05
Costa Rica,Currency: 2017 PPP $,2014,1360.1
Costa Rica,Currency: U.S. dollars,2014,904.63
Costa Rica,Currency: 2017 PPP $,2017,1388.12
Costa Rica,Currency: U.S. dollars,2017,911.54
Costa Rica,Currency: U.S. dollars,2019,929.38
Costa Rica,Currency: 2017 PPP $,2015,1476.64
Costa Rica,Currency: U.S. dollars,2015,987.93
Costa Rica,Currency: 2017 PPP $,2016,1363.46
Costa Rica,Currency: U.S. dollars,2016,935.95
Curaçao,Currency: 2017 PPP $,2018,1801.44
Curaçao,Currency: U.S. dollars,2018,1494.46
Cyprus,Currency: 2017 PPP $,2011,2583.22
Cyprus,Currency: U.S. dollars,2011,2758.86
Cyprus,Currency: 2017 PPP $,2013,2586.05
Cyprus,Currency: U.S. dollars,2013,2583.19
Cyprus,Currency: 2017 PPP $,2015,218.06
Cyprus,Currency: U.S. dollars,2015,174.01
Cyprus,Currency: 2017 PPP $,2016,2771.47
Cyprus,Currency: U.S. dollars,2016,2079.87
Cyprus,Currency: 2017 PPP $,2017,2810.26
Cyprus,Currency: U.S. dollars,2017,2137.36
Czechia,Currency: 2017 PPP $,2010,1812.51
Czechia,Currency: U.S. dollars,2010,1407.51
Czechia,Currency: 2017 PPP $,2011,1755.82
Czechia,Currency: U.S. dollars,2011,1448.07
Czechia,Currency: 2017 PPP $,2012,1783.59
Czechia,Currency: U.S. dollars,2012,1334.85
Czechia,Currency: 2017 PPP $,2013,1862.26
Czechia,Currency: U.S. dollars,2013,1351.21
Czechia,Currency: 2017 PPP $,2014,1924.26
Czechia,Currency: U.S. dollars,2014,1291.2
Czechia,Currency: 2017 PPP $,2015,1960.08
Czechia,Currency: U.S. dollars,2015,1130.59
Czechia,Currency: 2017 PPP $,2016,2088.9
Czechia,Currency: U.S. dollars,2016,1188.87
Czechia,Currency: 2017 PPP $,2017,2248.5
Czechia,Currency: U.S. dollars,2017,1330.79
Czechia,Currency: 2017 PPP $,2018,2416.14
Czechia,Currency: U.S. dollars,2018,1550.12
Germany,Currency: 2017 PPP $,2011,4407.68
Germany,Currency: U.S. dollars,2011,5095.95
Germany,Currency: 2017 PPP $,2012,4511.78
Germany,Currency: U.S. dollars,2012,4816.67
Germany,Currency: 2017 PPP $,2013,4588.33
Germany,Currency: U.S. dollars,2013,5038.88
Germany,Currency: 2017 PPP $,2015,4777.21
Germany,Currency: U.S. dollars,2015,4414.75
Germany,Currency: 2017 PPP $,2016,5053.13
Germany,Currency: U.S. dollars,2016,4513.95
Germany,Currency: 2017 PPP $,2017,5235.04
Germany,Currency: U.S. dollars,2017,4687.05
Germany,Currency: 2017 PPP $,2018,5409.14
Germany,Currency: U.S. dollars,2018,5052.12
Germany,Currency: U.S. dollars,2019,4925.69
Dominican Republic,Currency: 2017 PPP $,2015,545.22
Dominican Republic,Currency: U.S. dollars,2015,278.81
Dominican Republic,Currency: 2017 PPP $,2016,601.29
Dominican Republic,Currency: U.S. dollars,2016,304.99
Dominican Republic,Currency: 2017 PPP $,2017,576.7
Dominican Republic,Currency: U.S. dollars,2017,295.91
Dominican Republic,Currency: 2017 PPP $,2018,679.01
Dominican Republic,Currency: U.S. dollars,2018,338.17
Dominican Republic,Currency: U.S. dollars,2019,317.05
Dominican Republic,Currency: 2017 PPP $,2010,577.79
Dominican Republic,Currency: U.S. dollars,2010,309.91
Dominican Republic,Currency: 2017 PPP $,2011,588.71
Dominican Republic,Currency: U.S. dollars,2011,320.96
Dominican Republic,Currency: 2017 PPP $,2012,642.75
Dominican Republic,Currency: U.S. dollars,2012,337.89
Dominican Republic,Currency: 2017 PPP $,2013,607.58
Dominican Republic,Currency: U.S. dollars,2013,319.94
Dominican Republic,Currency: 2017 PPP $,2014,613.12
Dominican Republic,Currency: U.S. dollars,2014,319.41
Ecuador,Currency: U.S. dollars,2010,356.37
Ecuador,Currency: U.S. dollars,2011,388.2
Ecuador,Currency: U.S. dollars,2012,408.91
Egypt,Currency: 2017 PPP $,2010,499.98
Egypt,Currency: U.S. dollars,2010,142.92
Egypt,Currency: 2017 PPP $,2015,771.54
Egypt,Currency: U.S. dollars,2015,237.74
Egypt,Currency: 2017 PPP $,2018,592.27
Egypt,Currency: U.S. dollars,2018,126.86
Egypt,Currency: 2017 PPP $,2016,1521.62
Egypt,Currency: U.S. dollars,2016,406.85
Egypt,Currency: 2017 PPP $,2017,1334.15
Egypt,Currency: U.S. dollars,2017,255.67
Egypt,Currency: 2017 PPP $,2011,1245.7
Egypt,Currency: U.S. dollars,2011,360.03
Egypt,Currency: 2017 PPP $,2012,1464.46
Egypt,Currency: U.S. dollars,2012,423.38
Egypt,Currency: 2017 PPP $,2013,1561.21
Egypt,Currency: U.S. dollars,2013,443.06
Spain,Currency: 2017 PPP $,2010,2295.22
Spain,Currency: U.S. dollars,2010,2437.75
Spain,Currency: 2017 PPP $,2011,2326.48
Spain,Currency: U.S. dollars,2011,2563.63
Spain,Currency: 2017 PPP $,2012,2354.56
Spain,Currency: U.S. dollars,2012,2377.19
Spain,Currency: 2017 PPP $,2013,2464.36
Spain,Currency: U.S. dollars,2013,2482.4
Spain,Currency: 2017 PPP $,2014,2527.88
Spain,Currency: U.S. dollars,2014,2499.34
Spain,Currency: 2017 PPP $,2015,2565.37
Spain,Currency: U.S. dollars,2015,2101.08
Spain,Currency: 2017 PPP $,2016,2614.19
Spain,Currency: U.S. dollars,2016,2078.86
Spain,Currency: 2017 PPP $,2017,2786.2
Spain,Currency: U.S. dollars,2017,2226.6
Spain,Currency: 2017 PPP $,2018,2823.45
Spain,Currency: U.S. dollars,2018,2363.09
Estonia,Currency: 2017 PPP $,2011,1427.28
Estonia,Currency: U.S. dollars,2011,1167.85
Estonia,Currency: 2017 PPP $,2012,1483.13
Estonia,Currency: U.S. dollars,2012,1139.61
Estonia,Currency: 2017 PPP $,2013,1586.51
Estonia,Currency: U.S. dollars,2013,1260.38
Estonia,Currency: 2017 PPP $,2015,1765.56
Estonia,Currency: U.S. dollars,2015,1181.63
Estonia,Currency: 2017 PPP $,2016,1930.3
Estonia,Currency: U.S. dollars,2016,1268.51
Estonia,Currency: 2017 PPP $,2017,2023.73
Estonia,Currency: U.S. dollars,2017,1379.34
Estonia,Currency: 2017 PPP $,2018,2132.53
Estonia,Currency: U.S. dollars,2018,1547.05
Ethiopia,Currency: 2017 PPP $,2013,186.44
Ethiopia,Currency: U.S. dollars,2013,72.44
Finland,Currency: 2017 PPP $,2010,3108.39
Finland,Currency: U.S. dollars,2010,4035.48
Finland,Currency: 2017 PPP $,2011,2978.75
Finland,Currency: U.S. dollars,2011,4038.06
Finland,Currency: 2017 PPP $,2013,3120.9
Finland,Currency: U.S. dollars,2013,4073.34
Finland,Currency: 2017 PPP $,2014,3134.53
Finland,Currency: U.S. dollars,2014,4074.51
Finland,Currency: 2017 PPP $,2015,3100.05
Finland,Currency: U.S. dollars,2015,3368.48
Finland,Currency: 2017 PPP $,2017,3253.4
Finland,Currency: U.S. dollars,2017,3451.18
Finland,Currency: 2017 PPP $,2018,3311.17
Finland,Currency: U.S. dollars,2018,3646.79
Finland,Currency: U.S. dollars,2019,3518.51
Finland,Currency: 2017 PPP $,2012,3225.02
Finland,Currency: U.S. dollars,2012,4103.62
Fiji,Currency: 2017 PPP $,2011,907.43
Fiji,Currency: U.S. dollars,2011,514.93
Fiji,Currency: 2017 PPP $,2016,1146.36
Fiji,Currency: U.S. dollars,2016,533.61
France,Currency: 2017 PPP $,2011,3157.48
France,Currency: U.S. dollars,2011,3879.38
France,Currency: 2017 PPP $,2012,3247.66
France,Currency: U.S. dollars,2012,3698.91
France,Currency: 2017 PPP $,2013,3373.62
France,Currency: U.S. dollars,2013,3858.18
France,Currency: 2017 PPP $,2015,3396.71
France,Currency: U.S. dollars,2015,3286.07
France,Currency: 2017 PPP $,2016,3527.89
France,Currency: U.S. dollars,2016,3308.28
United Kingdom,Currency: 2017 PPP $,2010,2722.77
United Kingdom,Currency: U.S. dollars,2010,3274.21
United Kingdom,Currency: 2017 PPP $,2011,2722.21
United Kingdom,Currency: U.S. dollars,2011,3391.86
United Kingdom,Currency: 2017 PPP $,2012,2705.77
United Kingdom,Currency: U.S. dollars,2012,3364.68
United Kingdom,Currency: 2017 PPP $,2013,2751.98
United Kingdom,Currency: U.S. dollars,2013,3411.18
United Kingdom,Currency: 2017 PPP $,2015,2740.14
United Kingdom,Currency: U.S. dollars,2015,3373.33
United Kingdom,Currency: 2017 PPP $,2016,2892.34
United Kingdom,Currency: U.S. dollars,2016,3079.79
United Kingdom,Currency: 2017 PPP $,2017,2991.49
United Kingdom,Currency: U.S. dollars,2017,3012.96
Georgia,Currency: 2017 PPP $,2010,752.85
Georgia,Currency: U.S. dollars,2010,335.29
Georgia,Currency: 2017 PPP $,2011,761.42
Georgia,Currency: U.S. dollars,2011,377.09
Georgia,Currency: 2017 PPP $,2012,871.26
Georgia,Currency: U.S. dollars,2012,431.49
Georgia,Currency: 2017 PPP $,2013,955.66
Georgia,Currency: U.S. dollars,2013,464.78
Georgia,Currency: 2017 PPP $,2014,988.22
Georgia,Currency: U.S. dollars,2014,463.29
Georgia,Currency: 2017 PPP $,2015,1037.91
Georgia,Currency: U.S. dollars,2015,396.77
Georgia,Currency: 2017 PPP $,2016,1064.83
Georgia,Currency: U.S. dollars,2016,397.18
Georgia,Currency: 2017 PPP $,2017,1080.52
Georgia,Currency: U.S. dollars,2017,398.13
Georgia,Currency: 2017 PPP $,2018,1153.35
Georgia,Currency: U.S. dollars,2018,421.56
Ghana,Currency: 2017 PPP $,2015,659.78
Ghana,Currency: U.S. dollars,2015,241.02
Ghana,Currency: 2017 PPP $,2013,662.01
Ghana,Currency: U.S. dollars,2013,320.82
Gibraltar,Currency: U.S. dollars,2012,1897.33
Gibraltar,Currency: U.S. dollars,2015,1951.18
Gibraltar,Currency: U.S. dollars,2016,1702.1
Gambia,Currency: 2017 PPP $,2012,470.85
Gambia,Currency: U.S. dollars,2012,161.94
Greece,Currency: 2017 PPP $,2011,1360
Greece,Currency: U.S. dollars,2011,1463.01
Greece,Currency: 2017 PPP $,2012,1252
Greece,Currency: U.S. dollars,2012,1225.87
Greece,Currency: 2017 PPP $,2013,1254.72
Greece,Currency: U.S. dollars,2013,1199.59
Greece,Currency: 2017 PPP $,2015,1261.5
Greece,Currency: U.S. dollars,2015,960.74
Greece,Currency: 2017 PPP $,2016,1324.53
Greece,Currency: U.S. dollars,2016,968.54
Greece,Currency: 2017 PPP $,2017,1345.67
Greece,Currency: U.S. dollars,2017,991.75
Greece,Currency: 2017 PPP $,2018,1384.24
Greece,Currency: U.S. dollars,2018,1047.15
Guatemala,Currency: 2017 PPP $,2010,573.2
Guatemala,Currency: U.S. dollars,2010,268.92
Guatemala,Currency: 2017 PPP $,2011,569
Guatemala,Currency: U.S. dollars,2011,284.48
Guatemala,Currency: 2017 PPP $,2012,589.57
Guatemala,Currency: U.S. dollars,2012,289.09
Guatemala,Currency: 2017 PPP $,2018,583.92
Guatemala,Currency: U.S. dollars,2018,346.32
Guyana,Currency: 2017 PPP $,2018,835.9
Guyana,Currency: U.S. dollars,2018,460.04
"Hong Kong, China",Currency: 2017 PPP $,2010,1987.97
"Hong Kong, China",Currency: U.S. dollars,2010,1415.85
"Hong Kong, China",Currency: 2017 PPP $,2011,1947.94
"Hong Kong, China",Currency: U.S. dollars,2011,1413.16
"Hong Kong, China",Currency: 2017 PPP $,2013,2088.53
"Hong Kong, China",Currency: U.S. dollars,2013,1624.55
"Hong Kong, China",Currency: 2017 PPP $,2014,2090.73
"Hong Kong, China",Currency: U.S. dollars,2014,1676.54
"Hong Kong, China",Currency: 2017 PPP $,2015,2290.58
"Hong Kong, China",Currency: U.S. dollars,2015,1831.84
"Hong Kong, China",Currency: 2017 PPP $,2016,2383.6
"Hong Kong, China",Currency: U.S. dollars,2016,1932.43
Honduras,Currency: 2017 PPP $,2012,664.57
Honduras,Currency: U.S. dollars,2012,341.58
Honduras,Currency: 2017 PPP $,2013,582.88
Honduras,Currency: U.S. dollars,2013,297.01
Honduras,Currency: 2017 PPP $,2014,626.47
Honduras,Currency: U.S. dollars,2014,318.53
Honduras,Currency: 2017 PPP $,2015,621.12
Honduras,Currency: U.S. dollars,2015,303.5
Honduras,Currency: 2017 PPP $,2016,661.1
Honduras,Currency: U.S. dollars,2016,307.62
Honduras,Currency: 2017 PPP $,2017,634.37
Honduras,Currency: U.S. dollars,2017,292.75
Honduras,Currency: 2017 PPP $,2018,602.35
Honduras,Currency: U.S. dollars,2018,278.22
Honduras,Currency: U.S. dollars,2019,299.43
Croatia,Currency: 2017 PPP $,2010,1735.9
Croatia,Currency: U.S. dollars,2010,1396.32
Croatia,Currency: 2017 PPP $,2011,1800.14
Croatia,Currency: U.S. dollars,2011,1454.38
Haiti,Currency: 2017 PPP $,2012,242.9
Haiti,Currency: U.S. dollars,2012,121.2
Hungary,Currency: 2017 PPP $,2010,1567.89
Hungary,Currency: U.S. dollars,2010,1078.85
Hungary,Currency: 2017 PPP $,2011,1657.32
Hungary,Currency: U.S. dollars,2011,1150.49
Hungary,Currency: 2017 PPP $,2012,1657.42
Hungary,Currency: U.S. dollars,2012,1056.17
Hungary,Currency: 2017 PPP $,2013,1731.54
Hungary,Currency: U.S. dollars,2013,1093.21
Hungary,Currency: 2017 PPP $,2015,1757.71
Hungary,Currency: U.S. dollars,2015,931.57
Hungary,Currency: 2017 PPP $,2016,1895.24
Hungary,Currency: U.S. dollars,2016,985.86
Hungary,Currency: 2017 PPP $,2017,2177.5
Hungary,Currency: U.S. dollars,2017,1186.42
Indonesia,Currency: 2017 PPP $,2010,360.91
Indonesia,Currency: U.S. dollars,2010,151.3
Indonesia,Currency: 2017 PPP $,2011,342.45
Indonesia,Currency: U.S. dollars,2011,151.97
Indonesia,Currency: 2017 PPP $,2012,370.13
Indonesia,Currency: U.S. dollars,2012,151.12
Indonesia,Currency: 2017 PPP $,2013,378.75
Indonesia,Currency: U.S. dollars,2013,150.72
Indonesia,Currency: 2017 PPP $,2014,386.2
Indonesia,Currency: U.S. dollars,2014,143.63
Indonesia,Currency: 2017 PPP $,2015,385.1
Indonesia,Currency: U.S. dollars,2015,135.78
Indonesia,Currency: 2017 PPP $,2016,435.96
Indonesia,Currency: U.S. dollars,2016,159.78
Indonesia,Currency: 2017 PPP $,2017,478.16
Indonesia,Currency: U.S. dollars,2017,181.88
Indonesia,Currency: 2017 PPP $,2018,481.91
Indonesia,Currency: U.S. dollars,2018,173.55
Indonesia,Currency: U.S. dollars,2019,183.47
Isle of Man,Currency: U.S. dollars,2014,4764.12
Isle of Man,Currency: U.S. dollars,2016,4005.3
Ireland,Currency: 2017 PPP $,2010,3157.07
Ireland,Currency: U.S. dollars,2010,4044.11
Ireland,Currency: 2017 PPP $,2011,3143.13
Ireland,Currency: U.S. dollars,2011,4197.58
Ireland,Currency: 2017 PPP $,2012,3151.58
Ireland,Currency: U.S. dollars,2012,3908.57
Ireland,Currency: 2017 PPP $,2013,3140.54
Ireland,Currency: U.S. dollars,2013,4030.45
Ireland,Currency: 2017 PPP $,2014,3075.64
Ireland,Currency: U.S. dollars,2014,4043.13
Ireland,Currency: 2017 PPP $,2015,3086.29
Ireland,Currency: U.S. dollars,2015,3420.97
Ireland,Currency: 2017 PPP $,2016,3206.95
Ireland,Currency: U.S. dollars,2016,3459.78
Ireland,Currency: 2017 PPP $,2017,3263.38
Ireland,Currency: U.S. dollars,2017,3600.59
Ireland,Currency: 2017 PPP $,2018,3350.57
Ireland,Currency: U.S. dollars,2018,3887.48
Ireland,Currency: U.S. dollars,2019,3818.72
Iceland,Currency: 2017 PPP $,2010,3069.31
Iceland,Currency: U.S. dollars,2010,3550.34
Iceland,Currency: 2017 PPP $,2011,3275.07
Iceland,Currency: U.S. dollars,2011,3992.96
Iceland,Currency: 2017 PPP $,2012,3382.62
Iceland,Currency: U.S. dollars,2012,3925.4
Iceland,Currency: 2017 PPP $,2013,3583.78
Iceland,Currency: U.S. dollars,2013,4346.08
Iceland,Currency: 2017 PPP $,2014,3797.5
Iceland,Currency: U.S. dollars,2014,4881.5
Iceland,Currency: 2017 PPP $,2015,3993.64
Iceland,Currency: U.S. dollars,2015,4692.28
Iceland,Currency: 2017 PPP $,2016,4184.77
Iceland,Currency: U.S. dollars,2016,5537.55
Iceland,Currency: 2017 PPP $,2017,4566.02
Iceland,Currency: U.S. dollars,2017,6664.2
Iceland,Currency: 2017 PPP $,2018,4716.4
Iceland,Currency: U.S. dollars,2018,6694.36
Israel,Currency: 2017 PPP $,2010,1860.73
Israel,Currency: U.S. dollars,2010,2166.37
Israel,Currency: 2017 PPP $,2011,1949.54
Israel,Currency: U.S. dollars,2011,2326.63
Israel,Currency: 2017 PPP $,2012,2135.64
Israel,Currency: U.S. dollars,2012,2372.71
Israel,Currency: 2017 PPP $,2013,2039.78
Israel,Currency: U.S. dollars,2013,2500.86
Israel,Currency: 2017 PPP $,2014,2036.23
Israel,Currency: U.S. dollars,2014,2604.02
Israel,Currency: 2017 PPP $,2015,2086.99
Israel,Currency: U.S. dollars,2015,2444.92
Israel,Currency: 2017 PPP $,2016,2265.02
Israel,Currency: U.S. dollars,2016,2531.92
Israel,Currency: 2017 PPP $,2018,2525.6
Israel,Currency: U.S. dollars,2018,2947.73
Italy,Currency: 2017 PPP $,2015,2562.32
Italy,Currency: U.S. dollars,2015,2355.57
Italy,Currency: 2017 PPP $,2016,2717.53
Italy,Currency: U.S. dollars,2016,2365.2
Italy,Currency: 2017 PPP $,2017,2769.97
Italy,Currency: U.S. dollars,2017,2418.65
Italy,Currency: 2017 PPP $,2018,2852.91
Italy,Currency: U.S. dollars,2018,2581.57
Italy,Currency: U.S. dollars,2019,2453.89
Jamaica,Currency: 2017 PPP $,2010,1162.98
Jamaica,Currency: U.S. dollars,2010,804.51
Jamaica,Currency: 2017 PPP $,2013,1319.97
Jamaica,Currency: U.S. dollars,2013,865.89
Jordan,Currency: 2017 PPP $,2017,1102.39
Jordan,Currency: U.S. dollars,2017,511.09
Jordan,Currency: 2017 PPP $,2018,1002.5
Jordan,Currency: U.S. dollars,2018,473.94
Jordan,Currency: U.S. dollars,2019,454.49
Jordan,Currency: 2017 PPP $,2016,1364.72
Jordan,Currency: U.S. dollars,2016,694.37
Japan,Currency: 2017 PPP $,2010,2447.32
Japan,Currency: U.S. dollars,2010,3374.35
Japan,Currency: 2017 PPP $,2011,2556.35
Japan,Currency: U.S. dollars,2011,3718.97
Japan,Currency: 2017 PPP $,2012,2642.36
Japan,Currency: U.S. dollars,2012,3731.02
Japan,Currency: 2017 PPP $,2013,2774.17
Japan,Currency: U.S. dollars,2013,3029.85
Japan,Currency: 2017 PPP $,2014,2744.05
Japan,Currency: U.S. dollars,2014,2827.89
Japan,Currency: 2017 PPP $,2015,2789.94
Japan,Currency: U.S. dollars,2015,2511.48
Japan,Currency: 2017 PPP $,2016,2646.01
Japan,Currency: U.S. dollars,2016,2794.3
Japan,Currency: 2017 PPP $,2017,2663.03
Japan,Currency: U.S. dollars,2017,2712.94
Japan,Currency: 2017 PPP $,2018,2686.06
Japan,Currency: U.S. dollars,2018,2772.97
Japan,Currency: U.S. dollars,2019,235.22
Kazakhstan,Currency: U.S. dollars,2010,526.69
Kazakhstan,Currency: 2017 PPP $,2011,1136.41
Kazakhstan,Currency: U.S. dollars,2011,614.02
Kazakhstan,Currency: 2017 PPP $,2012,1279.43
Kazakhstan,Currency: U.S. dollars,2012,679.1
Kazakhstan,Currency: 2017 PPP $,2013,1306.61
Kazakhstan,Currency: U.S. dollars,2013,717.42
Kazakhstan,Currency: 2017 PPP $,2014,1244.31
Kazakhstan,Currency: U.S. dollars,2014,675.37
Kazakhstan,Currency: 2017 PPP $,2015,1395.91
Kazakhstan,Currency: U.S. dollars,2015,568.36
Kazakhstan,Currency: 2017 PPP $,2016,1473.97
Kazakhstan,Currency: U.S. dollars,2016,417.64
Kazakhstan,Currency: 2017 PPP $,2017,1204.08
Kazakhstan,Currency: U.S. dollars,2017,462.66
Kyrgyzstan,Currency: 2017 PPP $,2013,655.54
Kyrgyzstan,Currency: U.S. dollars,2013,218.86
Kyrgyzstan,Currency: 2017 PPP $,2014,592.49
Kyrgyzstan,Currency: U.S. dollars,2014,214.63
Kyrgyzstan,Currency: 2017 PPP $,2015,753.25
Kyrgyzstan,Currency: U.S. dollars,2015,197.26
Kyrgyzstan,Currency: 2017 PPP $,2016,830.77
Kyrgyzstan,Currency: U.S. dollars,2016,192.06
Kyrgyzstan,Currency: 2017 PPP $,2017,61.16
Kyrgyzstan,Currency: U.S. dollars,2017,17.2
Kyrgyzstan,Currency: 2017 PPP $,2018,64.05
Kyrgyzstan,Currency: U.S. dollars,2018,17.87
Cambodia,Currency: 2017 PPP $,2012,340.37
Cambodia,Currency: U.S. dollars,2012,120.52
Cambodia,Currency: 2017 PPP $,2010,258.23
Cambodia,Currency: U.S. dollars,2010,90.11
Cambodia,Currency: 2017 PPP $,2011,272.78
Cambodia,Currency: U.S. dollars,2011,100.37
Cambodia,Currency: 2017 PPP $,2013,341.22
Cambodia,Currency: U.S. dollars,2013,123.88
Cambodia,Currency: 2017 PPP $,2014,421.31
Cambodia,Currency: U.S. dollars,2014,154.88
Cambodia,Currency: 2017 PPP $,2015,453.42
Cambodia,Currency: U.S. dollars,2015,164.23
Cambodia,Currency: 2017 PPP $,2016,506.45
Cambodia,Currency: U.S. dollars,2016,183.56
"Korea, Republic of",Currency: 2017 PPP $,2010,3068.82
"Korea, Republic of",Currency: U.S. dollars,2010,2409.07
"Korea, Republic of",Currency: 2017 PPP $,2011,3196.99
"Korea, Republic of",Currency: U.S. dollars,2011,2630.82
"Korea, Republic of",Currency: 2017 PPP $,2012,3276.11
"Korea, Republic of",Currency: U.S. dollars,2012,2660.89
"Korea, Republic of",Currency: 2017 PPP $,2013,3191.95
"Korea, Republic of",Currency: U.S. dollars,2013,2846.41
"Korea, Republic of",Currency: 2017 PPP $,2014,3252.26
"Korea, Republic of",Currency: U.S. dollars,2014,3072.49
"Korea, Republic of",Currency: 2017 PPP $,2015,3406.34
"Korea, Republic of",Currency: U.S. dollars,2015,2889.96
"Korea, Republic of",Currency: 2017 PPP $,2016,3464.44
"Korea, Republic of",Currency: U.S. dollars,2016,2887.71
"Korea, Republic of",Currency: 2017 PPP $,2017,3486.07
"Korea, Republic of",Currency: U.S. dollars,2017,3048.41
"Korea, Republic of",Currency: 2017 PPP $,2018,3630.54
"Korea, Republic of",Currency: U.S. dollars,2018,3264.88
"Korea, Republic of",Currency: U.S. dollars,2019,3192.15
Kosovo,Currency: 2017 PPP $,2010,880.07
Kosovo,Currency: U.S. dollars,2010,410.97
Kosovo,Currency: 2017 PPP $,2012,959.3
Kosovo,Currency: U.S. dollars,2012,453.53
Kosovo,Currency: 2017 PPP $,2013,964.57
Kosovo,Currency: U.S. dollars,2013,472.81
Kosovo,Currency: 2017 PPP $,2014,1118.6
Kosovo,Currency: U.S. dollars,2014,542.03
Kosovo,Currency: 2017 PPP $,2015,1217.04
Kosovo,Currency: U.S. dollars,2015,489.3
Kosovo,Currency: 2017 PPP $,2016,1251.34
Kosovo,Currency: U.S. dollars,2016,497
Kosovo,Currency: 2017 PPP $,2017,1329.37
Kosovo,Currency: U.S. dollars,2017,535.47
Kuwait,Currency: 2017 PPP $,2015,1800.15
Kuwait,Currency: U.S. dollars,2015,1179.98
Kuwait,Currency: 2017 PPP $,2016,1834.42
Kuwait,Currency: U.S. dollars,2016,1168.34
Lao People's Democratic Republic,Currency: 2017 PPP $,2010,533.1
Lao People's Democratic Republic,Currency: U.S. dollars,2010,193.49
Lao People's Democratic Republic,Currency: 2017 PPP $,2017,751.28
Lao People's Democratic Republic,Currency: U.S. dollars,2017,285.56
Lebanon,Currency: U.S. dollars,2019,780.07
Liberia,Currency: 2017 PPP $,2010,584.83
Liberia,Currency: U.S. dollars,2010,4.66
Liberia,Currency: 2017 PPP $,2012,9800.72
Liberia,Currency: U.S. dollars,2012,75.81
Liberia,Currency: 2017 PPP $,2014,18058.17
Liberia,Currency: U.S. dollars,2014,112.46
Sri Lanka,Currency: 2017 PPP $,2010,330.89
Sri Lanka,Currency: U.S. dollars,2010,121.61
Sri Lanka,Currency: 2017 PPP $,2011,354.24
Sri Lanka,Currency: U.S. dollars,2011,137.73
Sri Lanka,Currency: 2017 PPP $,2014,429.08
Sri Lanka,Currency: U.S. dollars,2014,159.11
Sri Lanka,Currency: 2017 PPP $,2015,480.31
Sri Lanka,Currency: U.S. dollars,2015,177.68
Sri Lanka,Currency: 2017 PPP $,2016,523.23
Sri Lanka,Currency: U.S. dollars,2016,186.09
Sri Lanka,Currency: 2017 PPP $,2017,534.97
Sri Lanka,Currency: U.S. dollars,2017,194.77
Sri Lanka,Currency: 2017 PPP $,2018,570.24
Sri Lanka,Currency: U.S. dollars,2018,194.22
Lithuania,Currency: U.S. dollars,2019,1451.29
Lithuania,Currency: 2017 PPP $,2015,1430.5
Lithuania,Currency: U.S. dollars,2015,792.3
Lithuania,Currency: 2017 PPP $,2016,1577.5
Lithuania,Currency: U.S. dollars,2016,856.74
Lithuania,Currency: 2017 PPP $,2017,1700.63
Lithuania,Currency: U.S. dollars,2017,949.38
Lithuania,Currency: 2017 PPP $,2018,1836.74
Lithuania,Currency: U.S. dollars,2018,1091.32
Luxembourg,Currency: 2017 PPP $,2011,4426.42
Luxembourg,Currency: U.S. dollars,2011,5971.3
Luxembourg,Currency: 2017 PPP $,2012,4466.02
Luxembourg,Currency: U.S. dollars,2012,5591.76
Luxembourg,Currency: 2017 PPP $,2013,4638.33
Luxembourg,Currency: U.S. dollars,2013,5942.86
Luxembourg,Currency: 2017 PPP $,2015,4841.23
Luxembourg,Currency: U.S. dollars,2015,5247.95
Luxembourg,Currency: 2017 PPP $,2016,4958.66
Luxembourg,Currency: U.S. dollars,2016,5289.19
Luxembourg,Currency: 2017 PPP $,2017,5124.94
Luxembourg,Currency: U.S. dollars,2017,5560.61
Luxembourg,Currency: 2017 PPP $,2018,5264.94
Luxembourg,Currency: U.S. dollars,2018,5960.79
Latvia,Currency: U.S. dollars,2011,897.75
Latvia,Currency: U.S. dollars,2012,852.61
Latvia,Currency: U.S. dollars,2013,914.58
Latvia,Currency: 2017 PPP $,2017,1577.42
Latvia,Currency: U.S. dollars,2017,999.19
Latvia,Currency: 2017 PPP $,2018,1696.43
Latvia,Currency: U.S. dollars,2018,1134.9
Latvia,Currency: U.S. dollars,2019,1155.3
"Macau, China",Currency: 2017 PPP $,2010,1767.78
"Macau, China",Currency: U.S. dollars,2010,1112.19
"Macau, China",Currency: 2017 PPP $,2011,1936.56
"Macau, China",Currency: U.S. dollars,2011,1247.16
"Macau, China",Currency: 2017 PPP $,2012,2150.57
"Macau, China",Currency: U.S. dollars,2012,1376.74
"Macau, China",Currency: 2017 PPP $,2013,2223.76
"Macau, China",Currency: U.S. dollars,2013,1502.02
"Macau, China",Currency: 2017 PPP $,2014,2306
"Macau, China",Currency: U.S. dollars,2014,1627.62
"Macau, China",Currency: 2017 PPP $,2015,2574.98
"Macau, China",Currency: U.S. dollars,2015,1878.53
"Macau, China",Currency: 2017 PPP $,2016,2544.32
"Macau, China",Currency: U.S. dollars,2016,1876.16
"Macau, China",Currency: 2017 PPP $,2017,2525.13
"Macau, China",Currency: U.S. dollars,2017,1868.93
"Macau, China",Currency: 2017 PPP $,2018,2645.27
"Macau, China",Currency: U.S. dollars,2018,1957.26
"Moldova, Republic of",Currency: 2017 PPP $,2010,573.42
"Moldova, Republic of",Currency: U.S. dollars,2010,240.25
"Moldova, Republic of",Currency: 2017 PPP $,2011,562.29
"Moldova, Republic of",Currency: U.S. dollars,2011,259.14
"Moldova, Republic of",Currency: 2017 PPP $,2012,681.53
"Moldova, Republic of",Currency: U.S. dollars,2012,287.14
"Moldova, Republic of",Currency: 2017 PPP $,2013,725.86
"Moldova, Republic of",Currency: U.S. dollars,2013,291.91
"Moldova, Republic of",Currency: 2017 PPP $,2014,667.31
"Moldova, Republic of",Currency: U.S. dollars,2014,291.38
"Moldova, Republic of",Currency: 2017 PPP $,2015,874.8
"Moldova, Republic of",Currency: U.S. dollars,2015,241.17
"Moldova, Republic of",Currency: 2017 PPP $,2016,969.19
"Moldova, Republic of",Currency: U.S. dollars,2016,250.85
"Moldova, Republic of",Currency: 2017 PPP $,2017,72.95
"Moldova, Republic of",Currency: U.S. dollars,2017,25.17
"Moldova, Republic of",Currency: 2017 PPP $,2018,81.36
"Moldova, Republic of",Currency: U.S. dollars,2018,31.09
"Moldova, Republic of",Currency: U.S. dollars,2019,411.63
Madagascar,Currency: 2017 PPP $,2012,210.15
Madagascar,Currency: U.S. dollars,2012,67.64
Madagascar,Currency: 2017 PPP $,2015,245.61
Madagascar,Currency: U.S. dollars,2015,71.39
Maldives,Currency: 2017 PPP $,2016,1121.87
Maldives,Currency: U.S. dollars,2016,700.47
Mexico,Currency: 2017 PPP $,2010,565.12
Mexico,Currency: U.S. dollars,2010,390
Mexico,Currency: 2017 PPP $,2011,560.34
Mexico,Currency: U.S. dollars,2011,403.24
Mexico,Currency: 2017 PPP $,2012,559.91
Mexico,Currency: U.S. dollars,2012,392.14
Mexico,Currency: U.S. dollars,2019,343.32
North Macedonia,Currency: 2017 PPP $,2010,1272.84
North Macedonia,Currency: U.S. dollars,2010,650.2
Mali,Currency: 2017 PPP $,2013,354.82
Mali,Currency: U.S. dollars,2013,156.85
Mali,Currency: 2017 PPP $,2014,338.09
Mali,Currency: U.S. dollars,2014,147.45
Myanmar,Currency: 2017 PPP $,2015,363.4
Myanmar,Currency: U.S. dollars,2015,107.74
Montenegro,Currency: 2017 PPP $,2010,1546.84
Montenegro,Currency: U.S. dollars,2010,947.89
Montenegro,Currency: 2017 PPP $,2011,1607.23
Montenegro,Currency: U.S. dollars,2011,1004.99
Montenegro,Currency: 2017 PPP $,2012,1589.88
Montenegro,Currency: U.S. dollars,2012,934.04
Montenegro,Currency: 2017 PPP $,2015,1655.2
Montenegro,Currency: U.S. dollars,2015,804.4
Montenegro,Currency: 2017 PPP $,2017,1797.69
Montenegro,Currency: U.S. dollars,2017,864.21
Montenegro,Currency: 2017 PPP $,2018,1790.82
Montenegro,Currency: U.S. dollars,2018,904.61
Montenegro,Currency: U.S. dollars,2019,865.35
Mongolia,Currency: 2017 PPP $,2010,618.03
Mongolia,Currency: U.S. dollars,2010,251.62
Mongolia,Currency: 2017 PPP $,2011,730.58
Mongolia,Currency: U.S. dollars,2011,335.2
Mongolia,Currency: 2017 PPP $,2012,877.35
Mongolia,Currency: U.S. dollars,2012,410.69
Mongolia,Currency: 2017 PPP $,2014,996.75
Mongolia,Currency: U.S. dollars,2014,438.19
Mongolia,Currency: 2017 PPP $,2015,1000.68
Mongolia,Currency: U.S. dollars,2015,410.09
Mongolia,Currency: 2017 PPP $,2016,1055.48
Mongolia,Currency: U.S. dollars,2016,402.7
Mongolia,Currency: 2017 PPP $,2017,1081.27
Mongolia,Currency: U.S. dollars,2017,387.14
Mongolia,Currency: 2017 PPP $,2018,1101.09
Mongolia,Currency: U.S. dollars,2018,405.62
Mongolia,Currency: U.S. dollars,2019,422.11
Mauritius,Currency: 2017 PPP $,2010,790.79
Mauritius,Currency: U.S. dollars,2010,461.59
Mauritius,Currency: 2017 PPP $,2011,796.17
Mauritius,Currency: U.S. dollars,2011,514.64
Mauritius,Currency: 2017 PPP $,2012,864.76
Mauritius,Currency: U.S. dollars,2012,519.48
Mauritius,Currency: 2017 PPP $,2013,909.62
Mauritius,Currency: U.S. dollars,2013,545.47
Mauritius,Currency: 2017 PPP $,2014,1022.17
Mauritius,Currency: U.S. dollars,2014,618.3
Mauritius,Currency: 2017 PPP $,2015,1098.39
Mauritius,Currency: U.S. dollars,2015,574.82
Mauritius,Currency: 2017 PPP $,2016,1134.98
Mauritius,Currency: U.S. dollars,2016,568.75
Mauritius,Currency: 2017 PPP $,2017,1178.58
Mauritius,Currency: U.S. dollars,2017,615.56
Mauritius,Currency: 2017 PPP $,2018,1214.32
Mauritius,Currency: U.S. dollars,2018,649.32
Malaysia,Currency: 2017 PPP $,2011,1140.35
Malaysia,Currency: U.S. dollars,2011,591.18
Malaysia,Currency: 2017 PPP $,2012,1256.01
Malaysia,Currency: U.S. dollars,2012,617.07
Malaysia,Currency: 2017 PPP $,2014,1367.61
Malaysia,Currency: U.S. dollars,2014,670.06
Malaysia,Currency: 2017 PPP $,2015,1409.13
Malaysia,Currency: U.S. dollars,2015,591.99
Malaysia,Currency: 2017 PPP $,2016,1491.74
Malaysia,Currency: U.S. dollars,2016,593.74
Malaysia,Currency: 2017 PPP $,2017,1667.1
Malaysia,Currency: U.S. dollars,2017,669.47
Malaysia,Currency: 2017 PPP $,2018,1815.15
Malaysia,Currency: U.S. dollars,2018,765.03
Namibia,Currency: 2017 PPP $,2012,1045.49
Namibia,Currency: U.S. dollars,2012,686.42
Namibia,Currency: 2017 PPP $,2013,1201.31
Namibia,Currency: U.S. dollars,2013,701.89
Namibia,Currency: 2017 PPP $,2014,1111.74
Namibia,Currency: U.S. dollars,2014,612.2
Namibia,Currency: 2017 PPP $,2016,1064.51
Namibia,Currency: U.S. dollars,2016,470.96
Namibia,Currency: 2017 PPP $,2018,1030.01
Namibia,Currency: U.S. dollars,2018,546.57
Niger,Currency: 2017 PPP $,2012,341.51
Niger,Currency: U.S. dollars,2012,151.24
Niger,Currency: 2017 PPP $,2011,243.86
Niger,Currency: U.S. dollars,2011,119.23
Niger,Currency: 2017 PPP $,2010,109.6
Niger,Currency: U.S. dollars,2010,51.14
Nigeria,Currency: 2017 PPP $,2011,8391.63
Nigeria,Currency: U.S. dollars,2011,4558.62
Nigeria,Currency: 2017 PPP $,2013,4767.82
Nigeria,Currency: U.S. dollars,2013,2748.79
Nicaragua,Currency: 2017 PPP $,2012,478.22
Nicaragua,Currency: U.S. dollars,2012,189.22
Nicaragua,Currency: 2017 PPP $,2014,1137.7
Nicaragua,Currency: 2017 PPP $,2013,744.1
Nicaragua,Currency: U.S. dollars,2013,301.87
Norway,Currency: 2017 PPP $,2010,3900.64
Norway,Currency: U.S. dollars,2010,6303.6
Norway,Currency: 2017 PPP $,2011,4048.92
Norway,Currency: U.S. dollars,2011,7065.62
Norway,Currency: 2017 PPP $,2012,4183.72
Norway,Currency: U.S. dollars,2012,7047.7
Norway,Currency: 2017 PPP $,2013,4351.93
Norway,Currency: U.S. dollars,2013,7234.04
Norway,Currency: 2017 PPP $,2014,4446.32
Norway,Currency: U.S. dollars,2014,6950.54
Norway,Currency: 2017 PPP $,2015,4245.68
Norway,Currency: U.S. dollars,2015,5580.24
Norway,Currency: 2017 PPP $,2017,4130.55
Norway,Currency: U.S. dollars,2017,5356.84
Norway,Currency: 2017 PPP $,2018,4249.93
Norway,Currency: U.S. dollars,2018,5608.36
Nepal,Currency: 2017 PPP $,2017,583.62
Nepal,Currency: U.S. dollars,2017,170.39
New Zealand,Currency: 2017 PPP $,2010,2471.18
New Zealand,Currency: U.S. dollars,2010,2838.96
New Zealand,Currency: 2017 PPP $,2014,2761.07
New Zealand,Currency: U.S. dollars,2014,3666.73
New Zealand,Currency: 2017 PPP $,2015,2772.42
New Zealand,Currency: U.S. dollars,2015,3153.47
New Zealand,Currency: 2017 PPP $,2016,2927.18
New Zealand,Currency: U.S. dollars,2016,3230.02
New Zealand,Currency: 2017 PPP $,2017,2985.57
New Zealand,Currency: U.S. dollars,2017,3382.1
Pakistan,Currency: 2017 PPP $,2010,380.41
Pakistan,Currency: U.S. dollars,2010,104.93
Pakistan,Currency: 2017 PPP $,2011,395.87
Pakistan,Currency: U.S. dollars,2011,116.89
Pakistan,Currency: 2017 PPP $,2013,435.24
Pakistan,Currency: U.S. dollars,2013,123.67
Pakistan,Currency: 2017 PPP $,2014,446.06
Pakistan,Currency: U.S. dollars,2014,135.52
Pakistan,Currency: 2017 PPP $,2015,496.01
Pakistan,Currency: U.S. dollars,2015,151.4
Pakistan,Currency: 2017 PPP $,2017,566.21
Pakistan,Currency: U.S. dollars,2017,178.53
Pakistan,Currency: 2017 PPP $,2018,565
Pakistan,Currency: U.S. dollars,2018,158.18
Panama,Currency: 2017 PPP $,2010,1082.6
Panama,Currency: U.S. dollars,2010,583.56
Panama,Currency: 2017 PPP $,2011,1063.22
Panama,Currency: U.S. dollars,2011,588.21
Panama,Currency: 2017 PPP $,2012,1190.42
Panama,Currency: U.S. dollars,2012,645.01
Panama,Currency: 2017 PPP $,2013,1247.09
Panama,Currency: U.S. dollars,2013,692.87
Panama,Currency: 2017 PPP $,2014,1276.5
Panama,Currency: U.S. dollars,2014,704.03
Panama,Currency: 2017 PPP $,2015,1414.52
Panama,Currency: U.S. dollars,2015,753.69
Panama,Currency: 2017 PPP $,2016,1557.02
Panama,Currency: U.S. dollars,2016,803.12
Panama,Currency: 2017 PPP $,2017,1682.64
Panama,Currency: U.S. dollars,2017,854.87
Panama,Currency: 2017 PPP $,2018,1741.92
Panama,Currency: U.S. dollars,2018,870.47
Panama,Currency: U.S. dollars,2019,895.41
Peru,Currency: 2017 PPP $,2010,659.41
Peru,Currency: U.S. dollars,2010,367.84
Peru,Currency: 2017 PPP $,2011,700.1
Peru,Currency: U.S. dollars,2011,401.43
Peru,Currency: 2017 PPP $,2012,757.55
Peru,Currency: U.S. dollars,2012,451.51
Peru,Currency: U.S. dollars,2019,474.96
Peru,Currency: 2017 PPP $,2013,1213.71
Peru,Currency: U.S. dollars,2013,738.05
Peru,Currency: 2017 PPP $,2014,1222.19
Peru,Currency: U.S. dollars,2014,731.23
Peru,Currency: 2017 PPP $,2015,1212.95
Peru,Currency: U.S. dollars,2015,674.22
Peru,Currency: 2017 PPP $,2016,1209.12
Peru,Currency: U.S. dollars,2016,655.56
Peru,Currency: 2017 PPP $,2017,1204.59
Peru,Currency: U.S. dollars,2017,699.59
Peru,Currency: 2017 PPP $,2018,1257.35
Peru,Currency: U.S. dollars,2018,716.47
Philippines,Currency: 2017 PPP $,2010,504.92
Philippines,Currency: U.S. dollars,2010,206.99
Philippines,Currency: 2017 PPP $,2011,514.94
Philippines,Currency: U.S. dollars,2011,223.18
Philippines,Currency: 2017 PPP $,2012,560.95
Philippines,Currency: U.S. dollars,2012,240.75
Philippines,Currency: 2017 PPP $,2013,569.56
Philippines,Currency: U.S. dollars,2013,250.69
Philippines,Currency: 2017 PPP $,2014,585.47
Philippines,Currency: U.S. dollars,2014,251.46
Philippines,Currency: 2017 PPP $,2015,604.15
Philippines,Currency: U.S. dollars,2015,252.78
Philippines,Currency: 2017 PPP $,2016,645.5
Philippines,Currency: U.S. dollars,2016,257.23
Philippines,Currency: 2017 PPP $,2017,652.11
Philippines,Currency: U.S. dollars,2017,250.89
Philippines,Currency: 2017 PPP $,2018,677.18
Philippines,Currency: U.S. dollars,2018,256.11
Philippines,Currency: U.S. dollars,2019,283.67
Poland,Currency: 2017 PPP $,2010,1652.97
Poland,Currency: U.S. dollars,2010,1069.26
Poland,Currency: 2017 PPP $,2011,1772.47
Poland,Currency: U.S. dollars,2011,1148.73
Poland,Currency: 2017 PPP $,2012,1850.4
Poland,Currency: U.S. dollars,2012,1084.12
Poland,Currency: 2017 PPP $,2013,1954.15
Poland,Currency: U.S. dollars,2013,1157.81
Poland,Currency: 2017 PPP $,2014,2009.82
Poland,Currency: U.S. dollars,2014,1197.35
Poland,Currency: 2017 PPP $,2015,2082.79
Poland,Currency: U.S. dollars,2015,1036.7
Poland,Currency: 2017 PPP $,2016,2201.09
Poland,Currency: U.S. dollars,2016,1026.49
Poland,Currency: 2017 PPP $,2017,2297.71
Poland,Currency: U.S. dollars,2017,1133.46
Poland,Currency: 2017 PPP $,2018,203.61
Poland,Currency: U.S. dollars,2018,105.9
Poland,Currency: U.S. dollars,2019,106.75
Portugal,Currency: 2017 PPP $,2011,1168.72
Portugal,Currency: U.S. dollars,2011,1128.88
Portugal,Currency: 2017 PPP $,2012,1179.14
Portugal,Currency: U.S. dollars,2012,1044.53
Portugal,Currency: 2017 PPP $,2013,1215.38
Portugal,Currency: U.S. dollars,2013,1073.12
Portugal,Currency: 2017 PPP $,2015,1230.25
Portugal,Currency: U.S. dollars,2015,918.68
Portugal,Currency: 2017 PPP $,2016,1274.99
Portugal,Currency: U.S. dollars,2016,928.69
Portugal,Currency: 2017 PPP $,2017,1289.83
Portugal,Currency: U.S. dollars,2017,967.01
Portugal,Currency: 2017 PPP $,2018,1346.7
Portugal,Currency: U.S. dollars,2018,1048.69
Portugal,Currency: 2017 PPP $,2010,1590.45
Portugal,Currency: U.S. dollars,2010,1476.65
Paraguay,Currency: 2017 PPP $,2010,655.55
Paraguay,Currency: U.S. dollars,2010,294.34
Paraguay,Currency: 2017 PPP $,2011,729.24
Paraguay,Currency: U.S. dollars,2011,389.87
Paraguay,Currency: 2017 PPP $,2012,759.08
Paraguay,Currency: U.S. dollars,2012,380.45
Paraguay,Currency: 2017 PPP $,2013,831.61
Paraguay,Currency: U.S. dollars,2013,442.31
Paraguay,Currency: 2017 PPP $,2014,862.04
Paraguay,Currency: U.S. dollars,2014,458.1
Paraguay,Currency: 2017 PPP $,2015,864.12
Paraguay,Currency: U.S. dollars,2015,402.34
Paraguay,Currency: 2017 PPP $,2016,852.29
Paraguay,Currency: U.S. dollars,2016,371.19
Paraguay,Currency: 2017 PPP $,2017,856.54
Paraguay,Currency: U.S. dollars,2017,387.19
Paraguay,Currency: 2017 PPP $,2018,934.09
Paraguay,Currency: U.S. dollars,2018,420.1
Paraguay,Currency: U.S. dollars,2019,391.37
Occupied Palestinian Territory,Currency: 2017 PPP $,2015,963.49
Occupied Palestinian Territory,Currency: 2017 PPP $,2016,1024.24
Occupied Palestinian Territory,Currency: 2017 PPP $,2017,1178.81
Qatar,Currency: 2017 PPP $,2011,2473.5
Qatar,Currency: U.S. dollars,2011,2033.24
Qatar,Currency: 2017 PPP $,2012,2839.81
Qatar,Currency: U.S. dollars,2012,2377.47
Qatar,Currency: 2017 PPP $,2013,3152.49
Qatar,Currency: U.S. dollars,2013,2655.77
Qatar,Currency: 2017 PPP $,2014,3565.84
Qatar,Currency: U.S. dollars,2014,2879.95
Qatar,Currency: 2017 PPP $,2015,3488.51
Qatar,Currency: U.S. dollars,2015,2903.3
Qatar,Currency: 2017 PPP $,2016,3562.44
Qatar,Currency: U.S. dollars,2016,2965.11
Qatar,Currency: 2017 PPP $,2017,3836.75
Qatar,Currency: U.S. dollars,2017,3049.18
Qatar,Currency: 2017 PPP $,2018,3928.21
Qatar,Currency: U.S. dollars,2018,3055.22
Romania,Currency: 2017 PPP $,2010,1017.61
Romania,Currency: U.S. dollars,2010,598.51
Romania,Currency: 2017 PPP $,2011,1065.11
Romania,Currency: U.S. dollars,2011,649.48
Romania,Currency: 2017 PPP $,2012,1097.2
Romania,Currency: U.S. dollars,2012,594.83
Romania,Currency: 2017 PPP $,2013,1141.6
Romania,Currency: U.S. dollars,2013,649.96
Romania,Currency: 2017 PPP $,2016,1535.9
Romania,Currency: U.S. dollars,2016,692.01
Romania,Currency: 2017 PPP $,2018,2336.13
Romania,Currency: U.S. dollars,2018,1105.38
Russian Federation,Currency: 2017 PPP $,2010,1253.61
Russian Federation,Currency: U.S. dollars,2010,689.94
Russian Federation,Currency: 2017 PPP $,2011,1252.69
Russian Federation,Currency: U.S. dollars,2011,795.34
Russian Federation,Currency: 2017 PPP $,2012,1414.77
Russian Federation,Currency: U.S. dollars,2012,863.46
Russian Federation,Currency: 2017 PPP $,2013,1425.99
Russian Federation,Currency: U.S. dollars,2013,935.76
Russian Federation,Currency: 2017 PPP $,2014,1453.57
Russian Federation,Currency: U.S. dollars,2014,846.7
Russian Federation,Currency: 2017 PPP $,2015,1382
Russian Federation,Currency: U.S. dollars,2015,558.44
Russian Federation,Currency: 2017 PPP $,2016,1449.45
Russian Federation,Currency: U.S. dollars,2016,547.44
Russian Federation,Currency: 2017 PPP $,2017,1530.99
Russian Federation,Currency: U.S. dollars,2017,661.76
Rwanda,Currency: 2017 PPP $,2017,192.94
Rwanda,Currency: U.S. dollars,2017,68.15
Rwanda,Currency: 2017 PPP $,2014,250.07
Rwanda,Currency: U.S. dollars,2014,97.5
Saudi Arabia,Currency: 2017 PPP $,2011,3298.75
Saudi Arabia,Currency: U.S. dollars,2011,1341.6
Saudi Arabia,Currency: 2017 PPP $,2012,3218.89
Saudi Arabia,Currency: U.S. dollars,2012,1409.33
Saudi Arabia,Currency: 2017 PPP $,2013,3204.34
Saudi Arabia,Currency: U.S. dollars,2013,1488
Saudi Arabia,Currency: 2017 PPP $,2014,3768.38
Saudi Arabia,Currency: U.S. dollars,2014,1626.35
Saudi Arabia,Currency: 2017 PPP $,2015,3829.07
Saudi Arabia,Currency: U.S. dollars,2015,1710.21
Sudan,Currency: 2017 PPP $,2011,5214.49
Sudan,Currency: U.S. dollars,2011,2864.29
Singapore,Currency: 2017 PPP $,2016,3731.36
Singapore,Currency: U.S. dollars,2016,2935.84
Singapore,Currency: 2017 PPP $,2017,3916.76
Singapore,Currency: U.S. dollars,2017,3064.61
Singapore,Currency: 2017 PPP $,2018,4188.42
Singapore,Currency: U.S. dollars,2018,3289.49
Singapore,Currency: U.S. dollars,2019,3344.92
Singapore,Currency: 2017 PPP $,2010,3819.41
Singapore,Currency: U.S. dollars,2010,2998.88
Singapore,Currency: 2017 PPP $,2012,4130.37
Singapore,Currency: U.S. dollars,2012,3547.32
Singapore,Currency: 2017 PPP $,2013,4187.35
Singapore,Currency: U.S. dollars,2013,3693.76
Singapore,Currency: 2017 PPP $,2014,4282.41
Singapore,Currency: U.S. dollars,2014,3730.71
Singapore,Currency: 2017 PPP $,2015,4467.3
Singapore,Currency: U.S. dollars,2015,3558.27
El Salvador,Currency: 2017 PPP $,2010,517.38
El Salvador,Currency: U.S. dollars,2010,272.75
El Salvador,Currency: 2017 PPP $,2011,509.8
El Salvador,Currency: U.S. dollars,2011,273.89
El Salvador,Currency: 2017 PPP $,2012,547.04
El Salvador,Currency: U.S. dollars,2012,283.65
El Salvador,Currency: 2017 PPP $,2013,580.43
El Salvador,Currency: U.S. dollars,2013,304.66
El Salvador,Currency: 2017 PPP $,2014,577.61
El Salvador,Currency: U.S. dollars,2014,302.86
El Salvador,Currency: 2017 PPP $,2015,594.01
El Salvador,Currency: U.S. dollars,2015,306.83
El Salvador,Currency: 2017 PPP $,2016,580.08
El Salvador,Currency: U.S. dollars,2016,296.92
El Salvador,Currency: 2017 PPP $,2017,618.55
El Salvador,Currency: U.S. dollars,2017,318.55
El Salvador,Currency: 2017 PPP $,2018,653.49
El Salvador,Currency: U.S. dollars,2018,332.11
El Salvador,Currency: U.S. dollars,2019,347.29
Serbia,Currency: 2017 PPP $,2010,684.38
Serbia,Currency: U.S. dollars,2010,377.7
Serbia,Currency: 2017 PPP $,2015,715.94
Serbia,Currency: U.S. dollars,2015,318.15
Serbia,Currency: 2017 PPP $,2016,733.74
Serbia,Currency: U.S. dollars,2016,316.46
Serbia,Currency: 2017 PPP $,2017,739.8
Serbia,Currency: U.S. dollars,2017,335.46
Serbia,Currency: 2017 PPP $,2018,788.46
Serbia,Currency: U.S. dollars,2018,383.74
Serbia,Currency: U.S. dollars,2019,704.61
Slovakia,Currency: 2017 PPP $,2010,1469.47
Slovakia,Currency: U.S. dollars,2010,1106.97
Slovakia,Currency: 2017 PPP $,2011,1513.82
Slovakia,Currency: U.S. dollars,2011,1190.12
Slovakia,Currency: 2017 PPP $,2012,1559.35
Slovakia,Currency: U.S. dollars,2012,1140.89
Slovakia,Currency: 2017 PPP $,2013,1658.35
Slovakia,Currency: U.S. dollars,2013,1211.24
Slovakia,Currency: 2017 PPP $,2014,1769.9
Slovakia,Currency: U.S. dollars,2014,1281.34
Slovakia,Currency: 2017 PPP $,2015,1812.85
Slovakia,Currency: U.S. dollars,2015,1106.18
Slovakia,Currency: 2017 PPP $,2016,1777.61
Slovakia,Currency: U.S. dollars,2016,1155.61
Slovakia,Currency: 2017 PPP $,2017,1875.4
Slovakia,Currency: U.S. dollars,2017,1244.33
Slovakia,Currency: 2017 PPP $,2018,1991.93
Slovakia,Currency: U.S. dollars,2018,1387.95
Slovakia,Currency: U.S. dollars,2019,1412.78
Slovenia,Currency: 2017 PPP $,2011,2321.77
Slovenia,Currency: U.S. dollars,2011,2202.07
Slovenia,Currency: 2017 PPP $,2015,2467.92
Slovenia,Currency: U.S. dollars,2015,1832.92
Slovenia,Currency: 2017 PPP $,2016,2574.3
Slovenia,Currency: U.S. dollars,2016,1866.24
Slovenia,Currency: 2017 PPP $,2018,2754.49
Slovenia,Currency: U.S. dollars,2018,2099.74
Sweden,Currency: 2017 PPP $,2015,3440.37
Sweden,Currency: U.S. dollars,2015,3793.79
Sweden,Currency: 2017 PPP $,2016,3517.59
Sweden,Currency: U.S. dollars,2016,3830.88
Sweden,Currency: 2017 PPP $,2017,3644.93
Sweden,Currency: U.S. dollars,2017,3942.05
Sweden,Currency: 2017 PPP $,2018,3685.77
Sweden,Currency: U.S. dollars,2018,3980.43
Sweden,Currency: U.S. dollars,2019,3732.15
Eswatini,Currency: 2017 PPP $,2016,795.45
Eswatini,Currency: U.S. dollars,2016,310.91
Seychelles,Currency: 2017 PPP $,2010,843.73
Seychelles,Currency: U.S. dollars,2010,578.98
Seychelles,Currency: 2017 PPP $,2011,962.94
Seychelles,Currency: U.S. dollars,2011,640.33
Seychelles,Currency: 2017 PPP $,2012,1033.92
Seychelles,Currency: U.S. dollars,2012,636.46
Seychelles,Currency: 2017 PPP $,2018,1455.23
Seychelles,Currency: U.S. dollars,2018,955.94
Seychelles,Currency: U.S. dollars,2019,1049.84
Syrian Arab Republic,Currency: U.S. dollars,2010,1010.6
Chad,Currency: 2017 PPP $,2018,503.23
Chad,Currency: U.S. dollars,2018,219.16
Togo,Currency: 2017 PPP $,2017,362.05
Togo,Currency: U.S. dollars,2017,153.76
Togo,Currency: 2017 PPP $,2011,481.48
Togo,Currency: U.S. dollars,2011,241.41
Togo,Currency: 2017 PPP $,2015,617.52
Togo,Currency: U.S. dollars,2015,257.91
Togo,Currency: 2017 PPP $,2014,699.72
Togo,Currency: U.S. dollars,2014,340.42
Thailand,Currency: 2017 PPP $,2011,810.43
Thailand,Currency: U.S. dollars,2011,339.11
Thailand,Currency: 2017 PPP $,2012,907.27
Thailand,Currency: U.S. dollars,2012,359.81
Thailand,Currency: 2017 PPP $,2014,1104.7
Thailand,Currency: U.S. dollars,2014,441.88
Thailand,Currency: 2017 PPP $,2015,855.39
Thailand,Currency: U.S. dollars,2015,324.3
Thailand,Currency: 2017 PPP $,2016,1133.7
Thailand,Currency: U.S. dollars,2016,419.81
Thailand,Currency: 2017 PPP $,2017,1111.3
Thailand,Currency: U.S. dollars,2017,435.07
Thailand,Currency: 2017 PPP $,2018,1140
Thailand,Currency: U.S. dollars,2018,462.51
Thailand,Currency: U.S. dollars,2019,489.57
Tajikistan,Currency: 2017 PPP $,2010,216.22
Tajikistan,Currency: U.S. dollars,2010,80.93
Tajikistan,Currency: 2017 PPP $,2011,247.48
Tajikistan,Currency: U.S. dollars,2011,95.9
Tajikistan,Currency: 2017 PPP $,2012,301.34
Tajikistan,Currency: U.S. dollars,2012,117.21
Tajikistan,Currency: 2017 PPP $,2013,364.52
Tajikistan,Currency: U.S. dollars,2013,145.88
Tajikistan,Currency: 2017 PPP $,2014,412.23
Tajikistan,Currency: U.S. dollars,2014,165.32
Tajikistan,Currency: 2017 PPP $,2015,437.6
Tajikistan,Currency: U.S. dollars,2015,142.62
Tajikistan,Currency: 2017 PPP $,2016,469.61
Tajikistan,Currency: U.S. dollars,2016,122.77
Tajikistan,Currency: 2017 PPP $,2017,442.42
Tajikistan,Currency: U.S. dollars,2017,134.27
Timor-Leste,Currency: 2017 PPP $,2010,381.94
Timor-Leste,Currency: U.S. dollars,2010,174.29
Timor-Leste,Currency: 2017 PPP $,2013,1308.2
Timor-Leste,Currency: U.S. dollars,2013,711.13
Timor-Leste,Currency: 2017 PPP $,2016,711.66
Timor-Leste,Currency: U.S. dollars,2016,321.87
Tonga,Currency: U.S. dollars,2018,688.36
Trinidad and Tobago,Currency: 2017 PPP $,2011,1070.09
Trinidad and Tobago,Currency: U.S. dollars,2011,754.73
Trinidad and Tobago,Currency: 2017 PPP $,2012,1156.15
Trinidad and Tobago,Currency: U.S. dollars,2012,774.66
Trinidad and Tobago,Currency: 2017 PPP $,2013,1142.07
Trinidad and Tobago,Currency: U.S. dollars,2013,797.59
Trinidad and Tobago,Currency: 2017 PPP $,2014,1223.13
Trinidad and Tobago,Currency: U.S. dollars,2014,847.9
Trinidad and Tobago,Currency: 2017 PPP $,2015,1259.15
Trinidad and Tobago,Currency: U.S. dollars,2015,871.93
Trinidad and Tobago,Currency: 2017 PPP $,2016,1330.45
Trinidad and Tobago,Currency: U.S. dollars,2016,863.46
Turkey,Currency: 2017 PPP $,2018,2039.99
Turkey,Currency: U.S. dollars,2018,820.15
"Tanzania, United Republic of",Currency: 2017 PPP $,2011,626.02
"Tanzania, United Republic of",Currency: U.S. dollars,2011,236.66
"Tanzania, United Republic of",Currency: 2017 PPP $,2012,561.36
"Tanzania, United Republic of",Currency: U.S. dollars,2012,226.93
"Tanzania, United Republic of",Currency: 2017 PPP $,2014,430.48
"Tanzania, United Republic of",Currency: U.S. dollars,2014,184.08
Uganda,Currency: 2017 PPP $,2012,261.78
Uganda,Currency: U.S. dollars,2012,106.03
Uganda,Currency: 2017 PPP $,2017,167.88
Uganda,Currency: U.S. dollars,2017,56.77
Ukraine,Currency: 2017 PPP $,2010,736.44
Ukraine,Currency: U.S. dollars,2010,282.14
Ukraine,Currency: 2017 PPP $,2011,827.53
Ukraine,Currency: U.S. dollars,2011,330.46
Ukraine,Currency: 2017 PPP $,2012,949.91
Ukraine,Currency: U.S. dollars,2012,378.67
Ukraine,Currency: 2017 PPP $,2013,1025.88
Ukraine,Currency: U.S. dollars,2013,408.48
Ukraine,Currency: 2017 PPP $,2014,975.73
Ukraine,Currency: U.S. dollars,2014,292.77
Ukraine,Currency: 2017 PPP $,2015,779.35
Ukraine,Currency: U.S. dollars,2015,192.04
Ukraine,Currency: 2017 PPP $,2016,842.36
Ukraine,Currency: U.S. dollars,2016,202.85
Ukraine,Currency: 2017 PPP $,2017,1014.03
Ukraine,Currency: U.S. dollars,2017,267.1
Ukraine,Currency: 2017 PPP $,2018,1168.34
Ukraine,Currency: U.S. dollars,2018,325.91
Uruguay,Currency: 2017 PPP $,2010,884.63
Uruguay,Currency: U.S. dollars,2010,699
Uruguay,Currency: 2017 PPP $,2011,977.61
Uruguay,Currency: U.S. dollars,2011,840.65
Uruguay,Currency: 2017 PPP $,2012,1051.62
Uruguay,Currency: U.S. dollars,2012,885.25
Uruguay,Currency: 2017 PPP $,2013,1079.76
Uruguay,Currency: U.S. dollars,2013,986.78
Uruguay,Currency: 2017 PPP $,2014,1135.87
Uruguay,Currency: U.S. dollars,2014,986.78
Uruguay,Currency: 2017 PPP $,2015,1158.85
Uruguay,Currency: U.S. dollars,2015,925.46
Uruguay,Currency: 2017 PPP $,2016,1101.44
Uruguay,Currency: U.S. dollars,2016,860.34
Uruguay,Currency: 2017 PPP $,2017,1217.28
Uruguay,Currency: U.S. dollars,2017,1055.04
Uruguay,Currency: 2017 PPP $,2018,1229.23
Uruguay,Currency: U.S. dollars,2018,1044.47
Uruguay,Currency: U.S. dollars,2019,989.19
Uzbekistan,Currency: 2017 PPP $,2011,995.29
Uzbekistan,Currency: 2017 PPP $,2012,1006.93
Uzbekistan,Currency: 2017 PPP $,2013,1008.4
Uzbekistan,Currency: U.S. dollars,2013,413.34
Uzbekistan,Currency: 2017 PPP $,2014,1029.76
Uzbekistan,Currency: U.S. dollars,2014,436.15
Uzbekistan,Currency: 2017 PPP $,2015,1040.54
Uzbekistan,Currency: U.S. dollars,2015,456.26
Uzbekistan,Currency: 2017 PPP $,2016,1006.82
Uzbekistan,Currency: U.S. dollars,2016,436.31
Uzbekistan,Currency: 2017 PPP $,2017,958.13
Uzbekistan,Currency: U.S. dollars,2017,285.06
Uzbekistan,Currency: U.S. dollars,2018,225.87
Uzbekistan,Currency: U.S. dollars,2019,263.06
Viet Nam,Currency: 2017 PPP $,2010,384.88
Viet Nam,Currency: U.S. dollars,2010,135.31
Viet Nam,Currency: 2017 PPP $,2011,414.98
Viet Nam,Currency: U.S. dollars,2011,152.33
Viet Nam,Currency: 2017 PPP $,2012,496.59
Viet Nam,Currency: U.S. dollars,2012,180.41
Viet Nam,Currency: 2017 PPP $,2013,515.53
Viet Nam,Currency: U.S. dollars,2013,195.82
Viet Nam,Currency: 2017 PPP $,2014,557.9
Viet Nam,Currency: U.S. dollars,2014,211.4
Viet Nam,Currency: 2017 PPP $,2015,658.17
Viet Nam,Currency: U.S. dollars,2015,236.28
Viet Nam,Currency: 2017 PPP $,2016,711.88
Viet Nam,Currency: U.S. dollars,2016,250.42
Viet Nam,Currency: 2017 PPP $,2017,688.01
Viet Nam,Currency: U.S. dollars,2017,240.13
Viet Nam,Currency: 2017 PPP $,2018,731.94
Viet Nam,Currency: U.S. dollars,2018,255.55
Viet Nam,Currency: U.S. dollars,2019,288.79
Vanuatu,Currency: 2017 PPP $,2010,365.94
Vanuatu,Currency: U.S. dollars,2010,447.3
Samoa,Currency: 2017 PPP $,2012,746.86
Samoa,Currency: U.S. dollars,2012,619
Samoa,Currency: 2017 PPP $,2017,690.4
Samoa,Currency: U.S. dollars,2017,500.38
Yemen,Currency: 2017 PPP $,2010,541.79
Yemen,Currency: U.S. dollars,2010,163.44
Yemen,Currency: U.S. dollars,2014,310.68
South Africa,Currency: 2017 PPP $,2011,1198.93
South Africa,Currency: U.S. dollars,2011,830.72
South Africa,Currency: 2017 PPP $,2012,1318.75
South Africa,Currency: U.S. dollars,2012,821.44
South Africa,Currency: 2017 PPP $,2013,1503.05
South Africa,Currency: U.S. dollars,2013,848.67
South Africa,Currency: 2017 PPP $,2015,516.67
South Africa,Currency: U.S. dollars,2015,242.97
South Africa,Currency: 2017 PPP $,2017,534.4
South Africa,Currency: U.S. dollars,2017,262.69
South Africa,Currency: 2017 PPP $,2018,523.86
South Africa,Currency: U.S. dollars,2018,264.47
South Africa,Currency: U.S. dollars,2019,263
Zambia,Currency: 2017 PPP $,2017,950.95
Zambia,Currency: U.S. dollars,2017,422.01
Zimbabwe,Currency: 2017 PPP $,2011,430.68
Zimbabwe,Currency: 2017 PPP $,2014,597.43
Zimbabwe,Currency: 2017 PPP $,2015,1500.6
