Country,Source,Sex,Economic activity,Currency,Year,Value
Aruba,PC - Population and Housing Census Aruba,Total,Total,U.S. dollars,2010,1683.2
Afghanistan,HIES - Living Condition Survey,Total,Total,U.S. dollars,2014,154.9
Angola,HIES - Questionnaire sur les Indicateurs de Base du Bien-être,Total,Total,U.S. dollars,2011,588.9
Albania,ADM-IR - General Directorate of Taxation,Total,Total,U.S. dollars,2015,371.8
Albania,ADM-IR - General Directorate of Taxation,Total,Total,U.S. dollars,2016,382.8
Albania,ADM-IR - General Directorate of Taxation,Total,Total,U.S. dollars,2017,411.1
Albania,ADM-IR - General Directorate of Taxation,Total,Total,U.S. dollars,2018,468.5
Albania,ADM-IR - General Directorate of Taxation,Total,Total,U.S. dollars,2019,476.8
Argentina,LFS - Encuesta Permanente de Hogares (Urban),Total,Total,U.S. dollars,2010,620.7
Argentina,LFS - Encuesta Permanente de Hogares (Urban),Total,Total,U.S. dollars,2011,766.8
Argentina,LFS - Encuesta Permanente de Hogares (Urban),Total,Total,U.S. dollars,2012,865.3
Argentina,LFS - Encuesta Permanente de Hogares (Urban),Total,Total,U.S. dollars,2013,913.9
Argentina,LFS - Encuesta Permanente de Hogares (Urban),Total,Total,U.S. dollars,2014,800.1
Argentina,LFS - Encuesta Permanente de Hogares (Urban),Total,Total,U.S. dollars,2017,875
Argentina,LFS - Encuesta Permanente de Hogares (Urban),Total,Total,U.S. dollars,2018,657
Argentina,LFS - Encuesta Permanente de Hogares (Urban),Total,Total,U.S. dollars,2019,530.9
Armenia,LFS - Household Labour Force Survey,Total,Total,U.S. dollars,2015,209.9
Armenia,LFS - Household Labour Force Survey,Total,Total,U.S. dollars,2016,208.3
Armenia,LFS - Household Labour Force Survey,Total,Total,U.S. dollars,2017,214.5
Armenia,LFS - Household Labour Force Survey,Total,Total,U.S. dollars,2018,219.7
Armenia,ES - Labour-related establishment survey,Total,Total,U.S. dollars,2010,274.7
Armenia,ES - Labour-related establishment survey,Total,Total,U.S. dollars,2011,290.2
Armenia,ES - Labour-related establishment survey,Total,Total,U.S. dollars,2012,281.7
Armenia,ES - Labour-related establishment survey,Total,Total,U.S. dollars,2013,357.7
Armenia,ES - Labour-related establishment survey,Total,Total,U.S. dollars,2014,381.3
Australia,ES - Survey of Employee Earnings,Total,Total,U.S. dollars,2014,4887.1
Austria,ADM - General Income Report,Total,Total,U.S. dollars,2011,3365.8
Austria,ADM - General Income Report,Total,Total,U.S. dollars,2012,3182.4
Austria,ADM - General Income Report,Total,Total,U.S. dollars,2013,3337.6
Austria,ADM - General Income Report,Total,Total,U.S. dollars,2015,2883.6
Austria,ADM - General Income Report,Total,Total,U.S. dollars,2016,2928.9
Austria,ADM - General Income Report,Total,Total,U.S. dollars,2017,3037.7
Austria,ADM - General Income Report,Total,Total,U.S. dollars,2018,3268.9
Azerbaijan,ES - Labour-related establishment survey,Total,Total,U.S. dollars,2010,413
Azerbaijan,ES - Labour-related establishment survey,Total,Total,U.S. dollars,2011,461.2
Azerbaijan,ES - Labour-related establishment survey,Total,Total,U.S. dollars,2012,507.1
Azerbaijan,ES - Labour-related establishment survey,Total,Total,U.S. dollars,2013,541.9
Azerbaijan,ES - Labour-related establishment survey,Total,Total,U.S. dollars,2014,566.7
Azerbaijan,ES - Labour-related establishment survey,Total,Total,U.S. dollars,2015,455.7
Azerbaijan,ES - Labour-related establishment survey,Total,Total,U.S. dollars,2016,313.2
Azerbaijan,ES - Labour-related establishment survey,Total,Total,U.S. dollars,2017,307.1
Azerbaijan,ES - Labour-related establishment survey,Total,Total,U.S. dollars,2018,320.4
Azerbaijan,ES - Labour-related establishment survey,Total,Total,U.S. dollars,2019,373.4
Burundi,HIES - Enquête sur les conditions de vie des ménages,Total,Total,U.S. dollars,2014,41.4
Belgium,ES - Structure of Earnings Survey,Total,Total,U.S. dollars,2011,4020
Belgium,ES - Structure of Earnings Survey,Total,Total,U.S. dollars,2013,3952.5
Belgium,ES - Structure of Earnings Survey,Total,Total,U.S. dollars,2014,3929.7
Belgium,ES - Structure of Earnings Survey,Total,Total,U.S. dollars,2015,3419.5
Belgium,ES - Structure of Earnings Survey,Total,Total,U.S. dollars,2016,3421.4
Benin,HIES - Enquête de suivi de l'Enquête Modulaire et Intégrée sur les Conditions de Vie des Ménages,Total,Total,U.S. dollars,2011,0.2
Burkina Faso,LFS - Enquête Régionale Intégrée sur l'Emploi et le Secteur Informel,Total,Total,U.S. dollars,2018,192.7
Bangladesh,LFS - Labour Force Survey,Total,Total,U.S. dollars,2016,164.6
Bangladesh,LFS - Labour Force Survey,Total,Total,U.S. dollars,2017,149.4
Bulgaria,"ES - Annual Enterprises Survey on Number of employees, Wages and salaries and Other labour costs",Total,Total,U.S. dollars,2010,438.6
Bulgaria,"ES - Annual Enterprises Survey on Number of employees, Wages and salaries and Other labour costs",Total,Total,U.S. dollars,2011,487.8
Bulgaria,"ES - Annual Enterprises Survey on Number of employees, Wages and salaries and Other labour costs",Total,Total,U.S. dollars,2012,480.3
Bulgaria,"ES - Annual Enterprises Survey on Number of employees, Wages and salaries and Other labour costs",Total,Total,U.S. dollars,2013,525.9
Bulgaria,"ES - Annual Enterprises Survey on Number of employees, Wages and salaries and Other labour costs",Total,Total,U.S. dollars,2014,557.6
Bulgaria,"ES - Annual Enterprises Survey on Number of employees, Wages and salaries and Other labour costs",Total,Total,U.S. dollars,2015,497.6
Bulgaria,"ES - Annual Enterprises Survey on Number of employees, Wages and salaries and Other labour costs",Total,Total,U.S. dollars,2016,536.2
Bulgaria,"ES - Annual Enterprises Survey on Number of employees, Wages and salaries and Other labour costs",Total,Total,U.S. dollars,2017,597.5
Bulgaria,"ES - Annual Enterprises Survey on Number of employees, Wages and salaries and Other labour costs",Total,Total,U.S. dollars,2018,691.6
Bahrain,ADM-IR - Social Insurance organization records,Total,Total,U.S. dollars,2015,2087.8
Bahrain,ADM-IR - Social Insurance organization records,Total,Total,U.S. dollars,2016,2191.5
Bahrain,ADM-IR - Social Insurance organization records,Total,Total,U.S. dollars,2017,2226.1
Bahrain,ADM-IR - Social Insurance organization records,Total,Total,U.S. dollars,2018,2268.6
Bosnia and Herzegovina,LFS - Labour Force Survey,Total,Total,U.S. dollars,2010,471.5
Bosnia and Herzegovina,LFS - Labour Force Survey,Total,Total,U.S. dollars,2011,501.3
Bosnia and Herzegovina,LFS - Labour Force Survey,Total,Total,U.S. dollars,2012,458.7
Bosnia and Herzegovina,LFS - Labour Force Survey,Total,Total,U.S. dollars,2013,493
Bosnia and Herzegovina,LFS - Labour Force Survey,Total,Total,U.S. dollars,2014,507.3
Bosnia and Herzegovina,LFS - Labour Force Survey,Total,Total,U.S. dollars,2015,418.7
Bosnia and Herzegovina,LFS - Labour Force Survey,Total,Total,U.S. dollars,2016,420.6
Bosnia and Herzegovina,LFS - Labour Force Survey,Total,Total,U.S. dollars,2017,432.3
Bosnia and Herzegovina,LFS - Labour Force Survey,Total,Total,U.S. dollars,2018,470.3
Bosnia and Herzegovina,LFS - Labour Force Survey,Total,Total,U.S. dollars,2019,474.5
Belarus,ES - Labour-related establishment survey,Total,Total,U.S. dollars,2010,527.2
Belarus,ES - Labour-related establishment survey,Total,Total,U.S. dollars,2011,568.8
Belarus,ES - Labour-related establishment survey,Total,Total,U.S. dollars,2013,647
Belarus,ES - Labour-related establishment survey,Total,Total,U.S. dollars,2016,385.2
Belarus,ES - Labour-related establishment survey,Total,Total,U.S. dollars,2017,498.5
Belarus,ES - Labour-related establishment survey,Total,Total,U.S. dollars,2018,537.4
Belarus,ES - Labour-related establishment survey,Total,Total,U.S. dollars,2019,578.9
Belize,LFS - Labour force survey,Total,Total,U.S. dollars,2014,753
Belize,LFS - Labour force survey,Total,Total,U.S. dollars,2015,599.4
Belize,LFS - Labour force survey,Total,Total,U.S. dollars,2016,579.2
Belize,LFS - Labour force survey,Total,Total,U.S. dollars,2017,599.1
Belize,LFS - Labour force survey,Total,Total,U.S. dollars,2018,609
Belize,LFS - Labour force survey,Total,Total,U.S. dollars,2019,510
Bermuda,LFS - Labour Force Survey,Total,Total,U.S. dollars,2010,5835.5
Bermuda,LFS - Labour Force Survey,Total,Total,U.S. dollars,2012,5869.8
Bermuda,LFS - Labour Force Survey,Total,Total,U.S. dollars,2013,6221.1
Bolivia,HIES - Encuesta de Hogares,Total,Total,U.S. dollars,2011,294.4
Bolivia,HIES - Encuesta de Hogares,Total,Total,U.S. dollars,2012,335.4
Bolivia,HIES - Encuesta de Hogares,Total,Total,U.S. dollars,2013,377.8
Bolivia,HIES - Encuesta de Hogares,Total,Total,U.S. dollars,2014,392.4
Bolivia,ADM - Registros de relaciones laborales,Total,Total,U.S. dollars,2015,852.2
Bolivia,ADM - Registros de relaciones laborales,Total,Total,U.S. dollars,2016,914.1
Bolivia,ADM - Registros de relaciones laborales,Total,Total,U.S. dollars,2017,948.1
Bolivia,ADM - Registros de relaciones laborales,Total,Total,U.S. dollars,2018,991.5
Bolivia,ADM - Registros de relaciones laborales,Total,Total,U.S. dollars,2019,987.7
Brazil,HS - Pesquisa Nacional por Amostra de Domicílios Contínua,Total,Total,U.S. dollars,2012,724.4
Brazil,HS - Pesquisa Nacional por Amostra de Domicílios Contínua,Total,Total,U.S. dollars,2013,710.9
Brazil,HS - Pesquisa Nacional por Amostra de Domicílios Contínua,Total,Total,U.S. dollars,2014,711.5
Brazil,HS - Pesquisa Nacional por Amostra de Domicílios Contínua,Total,Total,U.S. dollars,2015,551.7
Brazil,HS - Pesquisa Nacional por Amostra de Domicílios Contínua,Total,Total,U.S. dollars,2016,589.6
Brazil,HS - Pesquisa Nacional por Amostra de Domicílios Contínua,Total,Total,U.S. dollars,2017,681.1
Brazil,HS - Pesquisa Nacional por Amostra de Domicílios Contínua,Total,Total,U.S. dollars,2018,625.2
Brazil,HS - Pesquisa Nacional por Amostra de Domicílios Contínua,Total,Total,U.S. dollars,2019,603.5
Brazil,HS - Pesquisa Nacional por Amostra de Domicílios,Total,Total,U.S. dollars,2011,730.5
Barbados,HIES - Survey on Living Conditions,Total,Total,U.S. dollars,2016,1340.1
Brunei Darussalam,LFS - Labour force survey,Total,Total,U.S. dollars,2014,1651.3
Botswana,HS - Multi-Topic Household Survey,Total,Total,U.S. dollars,2019,476.6
Botswana,ES - Survey of Employment and Employees,Total,Total,U.S. dollars,2010,683.1
Botswana,ES - Survey of Employment and Employees,Total,Total,U.S. dollars,2011,691.9
Canada,LFS - Labour Force Survey,Total,Total,U.S. dollars,2010,3435.7
Canada,LFS - Labour Force Survey,Total,Total,U.S. dollars,2011,3662.6
Canada,LFS - Labour Force Survey,Total,Total,U.S. dollars,2012,3742.1
Canada,LFS - Labour Force Survey,Total,Total,U.S. dollars,2013,3708
Canada,LFS - Labour Force Survey,Total,Total,U.S. dollars,2014,3520
Canada,LFS - Labour Force Survey,Total,Total,U.S. dollars,2015,3125.6
Canada,LFS - Labour Force Survey,Total,Total,U.S. dollars,2016,3073.4
Canada,LFS - Labour Force Survey,Total,Total,U.S. dollars,2017,3188.7
Canada,LFS - Labour Force Survey,Total,Total,U.S. dollars,2018,3288.5
Canada,LFS - Labour Force Survey,Total,Total,U.S. dollars,2019,3316.6
Switzerland,ES - Statistique de l'Emploi,Total,Total,U.S. dollars,2010,6741.1
Switzerland,ES - Statistique de l'Emploi,Total,Total,U.S. dollars,2012,6619.5
Switzerland,ES - Statistique de l'Emploi,Total,Total,U.S. dollars,2014,7976.9
Switzerland,ES - Statistique de l'Emploi,Total,Total,U.S. dollars,2016,7602
Chile,HS - Encuesta de Caracterización Socioeconómica Nacional,Total,Total,U.S. dollars,2011,886.2
Chile,HS - Encuesta de Caracterización Socioeconómica Nacional,Total,Total,U.S. dollars,2013,952.1
Chile,HS - Encuesta de Caracterización Socioeconómica Nacional,Total,Total,U.S. dollars,2015,808.8
Chile,ES - Índice de Remuneraciones y Costo de la Mano de Obra,Total,Total,U.S. dollars,2016,975.3
Chile,ES - Índice de Remuneraciones y Costo de la Mano de Obra,Total,Total,U.S. dollars,2017,1166.3
Chile,ES - Índice de Remuneraciones y Costo de la Mano de Obra,Total,Total,U.S. dollars,2019,1151.5
China,ADM-EOR - Labour and Social Security Records,Total,Total,U.S. dollars,2010,449.8
China,ADM-EOR - Labour and Social Security Records,Total,Total,U.S. dollars,2011,539
China,ADM-EOR - Labour and Social Security Records,Total,Total,U.S. dollars,2012,617.4
China,ADM-EOR - Labour and Social Security Records,Total,Total,U.S. dollars,2013,692.5
China,ADM-EOR - Labour and Social Security Records,Total,Total,U.S. dollars,2014,764.5
China,ADM-EOR - Labour and Social Security Records,Total,Total,U.S. dollars,2015,830
China,ADM-EOR - Labour and Social Security Records,Total,Total,U.S. dollars,2016,847.4
Côte d'Ivoire,LFS - Enquête nationale sur la situacion de l'emploi,Total,Total,U.S. dollars,2012,150.7
Côte d'Ivoire,LFS - Enquête nationale sur la situacion de l'emploi,Total,Total,U.S. dollars,2013,231.4
Côte d'Ivoire,LFS - Enquête Régionale Intégrée sur l'Emploi et le Secteur Informel,Total,Total,U.S. dollars,2017,190.1
Cameroon,HS - Enquête camerounaise auprès des ménages,Total,Total,U.S. dollars,2014,276.9
Colombia,LFS - Gran Encuesta Integrada de Hogares,Total,Total,U.S. dollars,2010,452
Colombia,LFS - Gran Encuesta Integrada de Hogares,Total,Total,U.S. dollars,2011,480.8
Colombia,LFS - Gran Encuesta Integrada de Hogares,Total,Total,U.S. dollars,2012,510.8
Colombia,LFS - Gran Encuesta Integrada de Hogares,Total,Total,U.S. dollars,2013,524.7
Colombia,LFS - Gran Encuesta Integrada de Hogares,Total,Total,U.S. dollars,2014,519.7
Colombia,LFS - Gran Encuesta Integrada de Hogares,Total,Total,U.S. dollars,2015,381.2
Colombia,LFS - Gran Encuesta Integrada de Hogares,Total,Total,U.S. dollars,2016,364.2
Colombia,LFS - Gran Encuesta Integrada de Hogares,Total,Total,U.S. dollars,2017,398.8
Colombia,LFS - Gran Encuesta Integrada de Hogares,Total,Total,U.S. dollars,2018,416.7
Colombia,LFS - Gran Encuesta Integrada de Hogares,Total,Total,U.S. dollars,2019,398.1
Comoros,LFS - Enquête Nationale sur l'Emploi et le Secteur Informel,Total,Total,U.S. dollars,2014,227.8
Cape Verde,LFS - Inquérito Multi-Objectivo Contínuo Estatísticas do Emprego e Mercado de Trabalho,Total,Total,U.S. dollars,2015,323.9
Costa Rica,LFS - Encuesta Continua de Empleo,Total,Total,U.S. dollars,2018,52.7
Costa Rica,HS - Encuesta Nacional de Hogares,Total,Total,U.S. dollars,2010,713.4
Costa Rica,HS - Encuesta Nacional de Hogares,Total,Total,U.S. dollars,2011,774.4
Costa Rica,HS - Encuesta Nacional de Hogares,Total,Total,U.S. dollars,2012,865.6
Costa Rica,HS - Encuesta Nacional de Hogares,Total,Total,U.S. dollars,2013,948
Costa Rica,HS - Encuesta Nacional de Hogares,Total,Total,U.S. dollars,2014,904.6
Costa Rica,HS - Encuesta Nacional de Hogares,Total,Total,U.S. dollars,2017,911.5
Costa Rica,HS - Encuesta Nacional de Hogares,Total,Total,U.S. dollars,2019,929.4
Costa Rica,ES - Encuesta Nacional a Empresas (ENAE),Total,Total,U.S. dollars,2015,987.9
Costa Rica,ES - Encuesta Nacional a Empresas (ENAE),Total,Total,U.S. dollars,2016,936
Curaçao,LFS - Labour force survey,Total,Total,U.S. dollars,2018,1494.5
Cyprus,ADM-IR - Ministry of Labour and Social Insurance records,Total,Total,U.S. dollars,2011,2758.9
Cyprus,ADM-IR - Ministry of Labour and Social Insurance records,Total,Total,U.S. dollars,2013,2583.2
Cyprus,ADM-IR - Ministry of Labour and Social Insurance records,Total,Total,U.S. dollars,2015,174
Cyprus,ADM-IR - Ministry of Labour and Social Insurance records,Total,Total,U.S. dollars,2016,2079.9
Cyprus,ADM-IR - Ministry of Labour and Social Insurance records,Total,Total,U.S. dollars,2017,2137.4
Czechia,ES - Report on Employment and Wages,Total,Total,U.S. dollars,2010,1407.5
Czechia,ES - Report on Employment and Wages,Total,Total,U.S. dollars,2011,1448.1
Czechia,ES - Report on Employment and Wages,Total,Total,U.S. dollars,2012,1334.8
Czechia,ES - Report on Employment and Wages,Total,Total,U.S. dollars,2013,1351.2
Czechia,ES - Survey on Structure of Earnings,Total,Total,U.S. dollars,2014,1291.2
Czechia,ES - Survey on Structure of Earnings,Total,Total,U.S. dollars,2015,1130.6
Czechia,ES - Survey on Structure of Earnings,Total,Total,U.S. dollars,2016,1188.9
Czechia,ES - Survey on Structure of Earnings,Total,Total,U.S. dollars,2017,1330.8
Czechia,ES - Survey on Structure of Earnings,Total,Total,U.S. dollars,2018,1550.1
Germany,HIES - Quarterly earnings survey,Total,Total,U.S. dollars,2011,5096
Germany,HIES - Quarterly earnings survey,Total,Total,U.S. dollars,2012,4816.7
Germany,HIES - Quarterly earnings survey,Total,Total,U.S. dollars,2013,5038.9
Germany,HIES - Quarterly earnings survey,Total,Total,U.S. dollars,2015,4414.8
Germany,HIES - Quarterly earnings survey,Total,Total,U.S. dollars,2016,4514
Germany,HIES - Quarterly earnings survey,Total,Total,U.S. dollars,2017,4687
Germany,HIES - Quarterly earnings survey,Total,Total,U.S. dollars,2018,5052.1
Germany,HIES - Quarterly earnings survey,Total,Total,U.S. dollars,2019,4925.7
Dominican Republic,LFS - Encuesta Nacional Continua de Fuerza de Trabajo,Total,Total,U.S. dollars,2015,278.8
Dominican Republic,LFS - Encuesta Nacional Continua de Fuerza de Trabajo,Total,Total,U.S. dollars,2016,305
Dominican Republic,LFS - Encuesta Nacional Continua de Fuerza de Trabajo,Total,Total,U.S. dollars,2017,295.9
Dominican Republic,LFS - Encuesta Nacional Continua de Fuerza de Trabajo,Total,Total,U.S. dollars,2018,338.2
Dominican Republic,LFS - Encuesta Nacional Continua de Fuerza de Trabajo,Total,Total,U.S. dollars,2019,317
Dominican Republic,LFS - Encuesta Nacional de Fuerza de Trabajo,Total,Total,U.S. dollars,2010,309.9
Dominican Republic,LFS - Encuesta Nacional de Fuerza de Trabajo,Total,Total,U.S. dollars,2011,321
Dominican Republic,LFS - Encuesta Nacional de Fuerza de Trabajo,Total,Total,U.S. dollars,2012,337.9
Dominican Republic,LFS - Encuesta Nacional de Fuerza de Trabajo,Total,Total,U.S. dollars,2013,319.9
Dominican Republic,LFS - Encuesta Nacional de Fuerza de Trabajo,Total,Total,U.S. dollars,2014,319.4
Ecuador,"LFS - Encuesta Nacional de Empleo, Desempleo y Subempleo",Total,Total,U.S. dollars,2010,356.4
Ecuador,"LFS - Encuesta Nacional de Empleo, Desempleo y Subempleo",Total,Total,U.S. dollars,2011,388.2
Ecuador,"LFS - Encuesta Nacional de Empleo, Desempleo y Subempleo",Total,Total,U.S. dollars,2012,408.9
Ecuador,"LFS - Encuesta Nacional de Empleo, Desempleo y Subempleo",Total,Total,U.S. dollars,2019,512.3
Egypt,LFS - Labour force sample survey,Total,Total,U.S. dollars,2010,142.9
Egypt,LFS - Labour force sample survey,Total,Total,U.S. dollars,2015,237.7
Egypt,LFS - Labour force sample survey,Total,Total,U.S. dollars,2018,126.9
Egypt,"EC - Employment, wages and hours of work survey",Total,Total,U.S. dollars,2016,406.9
Egypt,"EC - Employment, wages and hours of work survey",Total,Total,U.S. dollars,2017,255.7
Egypt,ES - Establishment survey,Total,Total,U.S. dollars,2011,360
Egypt,ES - Establishment survey,Total,Total,U.S. dollars,2012,423.4
Egypt,ES - Establishment survey,Total,Total,U.S. dollars,2013,443.1
Spain,ES - Encuesta Anual de Estructura Salarial,Total,Total,U.S. dollars,2010,2437.8
Spain,ES - Encuesta Anual de Estructura Salarial,Total,Total,U.S. dollars,2011,2563.6
Spain,ES - Encuesta Anual de Estructura Salarial,Total,Total,U.S. dollars,2012,2377.2
Spain,ES - Encuesta Anual de Estructura Salarial,Total,Total,U.S. dollars,2013,2482.4
Spain,ES - Encuesta Anual de Estructura Salarial,Total,Total,U.S. dollars,2014,2499.3
Spain,ES - Encuesta Anual de Estructura Salarial,Total,Total,U.S. dollars,2015,2101.1
Spain,ES - Encuesta Anual de Estructura Salarial,Total,Total,U.S. dollars,2016,2078.9
Spain,ES - Encuesta Anual de Estructura Salarial,Total,Total,U.S. dollars,2017,2226.6
Spain,ES - Encuesta Anual de Estructura Salarial,Total,Total,U.S. dollars,2018,2363.1
Estonia,ES - Survey of Wages and Salaries,Total,Total,U.S. dollars,2011,1167.8
Estonia,ES - Survey of Wages and Salaries,Total,Total,U.S. dollars,2012,1139.6
Estonia,ES - Survey of Wages and Salaries,Total,Total,U.S. dollars,2013,1260.4
Estonia,ES - Survey of Wages and Salaries,Total,Total,U.S. dollars,2015,1181.6
Estonia,ES - Survey of Wages and Salaries,Total,Total,U.S. dollars,2016,1268.5
Estonia,ES - Survey of Wages and Salaries,Total,Total,U.S. dollars,2017,1379.3
Estonia,ES - Survey of Wages and Salaries,Total,Total,U.S. dollars,2018,1547
Ethiopia,LFS - National Labor Force Survey,Total,Total,U.S. dollars,2013,72.4
Finland,ES - Structure of Earnings survey,Total,Total,U.S. dollars,2010,4035.5
Finland,ES - Structure of Earnings survey,Total,Total,U.S. dollars,2011,4038.1
Finland,ES - Structure of Earnings survey,Total,Total,U.S. dollars,2013,4073.3
Finland,ES - Structure of Earnings survey,Total,Total,U.S. dollars,2014,4074.5
Finland,ES - Structure of Earnings survey,Total,Total,U.S. dollars,2015,3368.5
Finland,ES - Structure of Earnings survey,Total,Total,U.S. dollars,2017,3451.2
Finland,ES - Structure of Earnings survey,Total,Total,U.S. dollars,2018,3646.8
Finland,ES - Structure of Earnings survey,Total,Total,U.S. dollars,2019,3518.5
Finland,ADM-IR - Insurance records,Total,Total,U.S. dollars,2012,4103.6
Fiji,"LFS - Employment, Unemployment Survey",Total,Total,U.S. dollars,2011,514.9
Fiji,"LFS - Employment, Unemployment Survey",Total,Total,U.S. dollars,2016,533.6
France,ADM - Déclaration annuelle de Données Sociales,Total,Total,U.S. dollars,2011,3879.4
France,ADM - Déclaration annuelle de Données Sociales,Total,Total,U.S. dollars,2012,3698.9
France,ADM - Déclaration annuelle de Données Sociales,Total,Total,U.S. dollars,2013,3858.2
France,ADM - Déclaration annuelle de Données Sociales,Total,Total,U.S. dollars,2015,3286.1
France,ADM - Déclaration annuelle de Données Sociales,Total,Total,U.S. dollars,2016,3308.3
UK,ES - Annual Survey of Hours and Earnings,Total,Total,U.S. dollars,2010,3274.2
UK,ES - Annual Survey of Hours and Earnings,Total,Total,U.S. dollars,2011,3391.9
UK,ES - Annual Survey of Hours and Earnings,Total,Total,U.S. dollars,2012,3364.7
UK,ES - Annual Survey of Hours and Earnings,Total,Total,U.S. dollars,2013,3411.2
UK,ES - Annual Survey of Hours and Earnings,Total,Total,U.S. dollars,2015,3373.3
UK,ES - Annual Survey of Hours and Earnings,Total,Total,U.S. dollars,2016,3079.8
UK,ES - Annual Survey of Hours and Earnings,Total,Total,U.S. dollars,2017,3013
Georgia,ES - Wage Survey,Total,Total,U.S. dollars,2010,335.3
Georgia,ES - Wage Survey,Total,Total,U.S. dollars,2011,377.1
Georgia,ES - Wage Survey,Total,Total,U.S. dollars,2012,431.5
Georgia,ES - Wage Survey,Total,Total,U.S. dollars,2013,464.8
Georgia,ES - Wage Survey,Total,Total,U.S. dollars,2014,463.3
Georgia,ES - Wage Survey,Total,Total,U.S. dollars,2015,396.8
Georgia,ES - Wage Survey,Total,Total,U.S. dollars,2016,397.2
Georgia,ES - Wage Survey,Total,Total,U.S. dollars,2017,398.1
Georgia,ES - Wage Survey,Total,Total,U.S. dollars,2018,421.6
Ghana,LFS - Labour force survey,Total,Total,U.S. dollars,2015,241
Ghana,HIES - Living Standards Survey,Total,Total,U.S. dollars,2013,320.8
Ghana,HIES - Living Standards Survey,Total,Total,U.S. dollars,2017,158.3
Gibraltar,ES - Employment Survey,Total,Total,U.S. dollars,2012,1897.3
Gibraltar,ES - Employment Survey,Total,Total,U.S. dollars,2015,1951.2
Gibraltar,ES - Employment Survey,Total,Total,U.S. dollars,2016,1702.1
Gambia,LFS - Labour force survey,Total,Total,U.S. dollars,2012,161.9
Gambia,LFS - Labour force survey,Total,Total,U.S. dollars,2018,82.8
Greece,LFS - Labour Force Survey,Total,Total,U.S. dollars,2011,1463
Greece,LFS - Labour Force Survey,Total,Total,U.S. dollars,2012,1225.9
Greece,LFS - Labour Force Survey,Total,Total,U.S. dollars,2013,1199.6
Greece,LFS - Labour Force Survey,Total,Total,U.S. dollars,2015,960.7
Greece,LFS - Labour Force Survey,Total,Total,U.S. dollars,2016,968.5
Greece,LFS - Labour Force Survey,Total,Total,U.S. dollars,2017,991.8
Greece,LFS - Labour Force Survey,Total,Total,U.S. dollars,2018,1047.2
Guatemala,LFS - Encuesta Nacional de Empleo e Ingresos,Total,Total,U.S. dollars,2010,268.9
Guatemala,LFS - Encuesta Nacional de Empleo e Ingresos,Total,Total,U.S. dollars,2011,284.5
Guatemala,LFS - Encuesta Nacional de Empleo e Ingresos,Total,Total,U.S. dollars,2012,289.1
Guatemala,LFS - Encuesta Nacional de Empleo e Ingresos,Total,Total,U.S. dollars,2013,312.8
Guatemala,LFS - Encuesta Nacional de Empleo e Ingresos,Total,Total,U.S. dollars,2014,333.3
Guatemala,LFS - Encuesta Nacional de Empleo e Ingresos,Total,Total,U.S. dollars,2015,331.3
Guatemala,LFS - Encuesta Nacional de Empleo e Ingresos,Total,Total,U.S. dollars,2016,340
Guatemala,LFS - Encuesta Nacional de Empleo e Ingresos,Total,Total,U.S. dollars,2017,354.1
Guatemala,LFS - Encuesta Nacional de Empleo e Ingresos,Total,Total,U.S. dollars,2018,346.3
Guyana,LFS - Labour force survey,Total,Total,U.S. dollars,2018,460
"Hong Kong, China",LFS - General Household Survey,Total,Total,U.S. dollars,2010,1415.8
"Hong Kong, China",LFS - General Household Survey,Total,Total,U.S. dollars,2011,1413.2
"Hong Kong, China",LFS - General Household Survey,Total,Total,U.S. dollars,2013,1624.6
"Hong Kong, China",LFS - General Household Survey,Total,Total,U.S. dollars,2014,1676.5
"Hong Kong, China",LFS - General Household Survey,Total,Total,U.S. dollars,2015,1831.8
"Hong Kong, China",LFS - General Household Survey,Total,Total,U.S. dollars,2016,1932.4
Honduras,HS - Encuesta Permanente de Hogares de Propósitos Múltiples,Total,Total,U.S. dollars,2010,324.6
Honduras,HS - Encuesta Permanente de Hogares de Propósitos Múltiples,Total,Total,U.S. dollars,2011,333
Honduras,HS - Encuesta Permanente de Hogares de Propósitos Múltiples,Total,Total,U.S. dollars,2012,341.6
Honduras,HS - Encuesta Permanente de Hogares de Propósitos Múltiples,Total,Total,U.S. dollars,2013,297
Honduras,HS - Encuesta Permanente de Hogares de Propósitos Múltiples,Total,Total,U.S. dollars,2014,318.5
Honduras,HS - Encuesta Permanente de Hogares de Propósitos Múltiples,Total,Total,U.S. dollars,2015,303.5
Honduras,HS - Encuesta Permanente de Hogares de Propósitos Múltiples,Total,Total,U.S. dollars,2016,307.6
Honduras,HS - Encuesta Permanente de Hogares de Propósitos Múltiples,Total,Total,U.S. dollars,2017,292.8
Honduras,HS - Encuesta Permanente de Hogares de Propósitos Múltiples,Total,Total,U.S. dollars,2018,278.2
Honduras,HS - Encuesta Permanente de Hogares de Propósitos Múltiples,Total,Total,U.S. dollars,2019,299.4
Croatia,ES - Annual survey on persons in paid employment and gross and net earnings,Total,Total,U.S. dollars,2010,1396.3
Croatia,ES - Annual survey on persons in paid employment and gross and net earnings,Total,Total,U.S. dollars,2011,1454.4
Haiti,HIES - Enquête sur les Conditions de Vie des Ménages Après le Séisme,Total,Total,U.S. dollars,2012,121.2
Hungary,ES - Survey of Individual Wages and Earnings,Total,Total,U.S. dollars,2010,1078.8
Hungary,ES - Survey of Individual Wages and Earnings,Total,Total,U.S. dollars,2011,1150.5
Hungary,ES - Survey of Individual Wages and Earnings,Total,Total,U.S. dollars,2012,1056.2
Hungary,ES - Survey of Individual Wages and Earnings,Total,Total,U.S. dollars,2013,1093.2
Hungary,ES - Survey of Individual Wages and Earnings,Total,Total,U.S. dollars,2015,931.6
Hungary,ES - Survey of Individual Wages and Earnings,Total,Total,U.S. dollars,2016,985.9
Hungary,ES - Earnings and employment-related income survey,Total,Total,U.S. dollars,2017,1186.4
Indonesia,LFS - National Labour Force Survey,Total,Total,U.S. dollars,2010,151.3
Indonesia,LFS - National Labour Force Survey,Total,Total,U.S. dollars,2011,152
Indonesia,LFS - National Labour Force Survey,Total,Total,U.S. dollars,2012,151.1
Indonesia,LFS - National Labour Force Survey,Total,Total,U.S. dollars,2013,150.7
Indonesia,LFS - National Labour Force Survey,Total,Total,U.S. dollars,2014,143.6
Indonesia,LFS - National Labour Force Survey,Total,Total,U.S. dollars,2015,135.8
Indonesia,LFS - National Labour Force Survey,Total,Total,U.S. dollars,2016,159.8
Indonesia,LFS - National Labour Force Survey,Total,Total,U.S. dollars,2017,181.9
Indonesia,LFS - National Labour Force Survey,Total,Total,U.S. dollars,2018,173.6
Indonesia,LFS - National Labour Force Survey,Total,Total,U.S. dollars,2019,183.5
Isle of Man,SNA - Isle of Man National Income,Total,Total,U.S. dollars,2014,4764.1
Isle of Man,SNA - Isle of Man National Income,Total,Total,U.S. dollars,2016,4005.3
Ireland,ES - Earnings Hours and Employment Costs Survey,Total,Total,U.S. dollars,2010,4044.1
Ireland,ES - Earnings Hours and Employment Costs Survey,Total,Total,U.S. dollars,2011,4197.6
Ireland,ES - Earnings Hours and Employment Costs Survey,Total,Total,U.S. dollars,2012,3908.6
Ireland,ES - Earnings Hours and Employment Costs Survey,Total,Total,U.S. dollars,2013,4030.4
Ireland,ES - Earnings Hours and Employment Costs Survey,Total,Total,U.S. dollars,2014,4043.1
Ireland,ES - Earnings Hours and Employment Costs Survey,Total,Total,U.S. dollars,2015,3421
Ireland,ES - Earnings Hours and Employment Costs Survey,Total,Total,U.S. dollars,2016,3459.8
Ireland,ES - Earnings Hours and Employment Costs Survey,Total,Total,U.S. dollars,2017,3600.6
Ireland,ES - Earnings Hours and Employment Costs Survey,Total,Total,U.S. dollars,2018,3887.5
Ireland,ES - Earnings Hours and Employment Costs Survey,Total,Total,U.S. dollars,2019,3818.7
Iceland,"ES - Icelandic Survey on Earnings, Wages and Labour cost",Total,Total,U.S. dollars,2010,3550.3
Iceland,"ES - Icelandic Survey on Earnings, Wages and Labour cost",Total,Total,U.S. dollars,2011,3993
Iceland,"ES - Icelandic Survey on Earnings, Wages and Labour cost",Total,Total,U.S. dollars,2012,3925.4
Iceland,"ES - Icelandic Survey on Earnings, Wages and Labour cost",Total,Total,U.S. dollars,2013,4346.1
Iceland,"ES - Icelandic Survey on Earnings, Wages and Labour cost",Total,Total,U.S. dollars,2014,4881.5
Iceland,"ES - Icelandic Survey on Earnings, Wages and Labour cost",Total,Total,U.S. dollars,2015,4692.3
Iceland,"ES - Icelandic Survey on Earnings, Wages and Labour cost",Total,Total,U.S. dollars,2016,5537.6
Iceland,"ES - Icelandic Survey on Earnings, Wages and Labour cost",Total,Total,U.S. dollars,2017,6664.2
Iceland,"ES - Icelandic Survey on Earnings, Wages and Labour cost",Total,Total,U.S. dollars,2018,6694.4
Israel,HIES - Income Survey,Total,Total,U.S. dollars,2010,2166.4
Israel,HIES - Income Survey,Total,Total,U.S. dollars,2011,2326.6
Israel,HIES - Income Survey,Total,Total,U.S. dollars,2012,2372.7
Israel,HIES - Income Survey,Total,Total,U.S. dollars,2013,2500.9
Israel,HIES - Income Survey,Total,Total,U.S. dollars,2014,2604
Israel,HIES - Income Survey,Total,Total,U.S. dollars,2015,2444.9
Israel,HIES - Income Survey,Total,Total,U.S. dollars,2016,2531.9
Israel,HIES - Income Survey,Total,Total,U.S. dollars,2018,2947.7
Italy,ES - Labour-related establishment survey,Total,Total,U.S. dollars,2015,2355.6
Italy,ES - Labour-related establishment survey,Total,Total,U.S. dollars,2016,2365.2
Italy,ES - Labour-related establishment survey,Total,Total,U.S. dollars,2017,2418.7
Italy,ES - Labour-related establishment survey,Total,Total,U.S. dollars,2018,2581.6
Italy,ES - Labour-related establishment survey,Total,Total,U.S. dollars,2019,2453.9
Jamaica,"ES - Survey of Employment, Earnings and Hours Worked",Total,Total,U.S. dollars,2010,804.5
Jamaica,"ES - Survey of Employment, Earnings and Hours Worked",Total,Total,U.S. dollars,2013,865.9
Jordan,LFS - Employment and Unemployment Survey,Total,Total,U.S. dollars,2017,511.1
Jordan,LFS - Employment and Unemployment Survey,Total,Total,U.S. dollars,2018,473.9
Jordan,LFS - Employment and Unemployment Survey,Total,Total,U.S. dollars,2019,454.5
Jordan,ES - Employment Survey for Establishments,Total,Total,U.S. dollars,2016,694.4
Japan,ES - Basic Survey on Wage Structure,Total,Total,U.S. dollars,2010,3374.3
Japan,ES - Basic Survey on Wage Structure,Total,Total,U.S. dollars,2011,3719
Japan,ES - Basic Survey on Wage Structure,Total,Total,U.S. dollars,2012,3731
Japan,ES - Basic Survey on Wage Structure,Total,Total,U.S. dollars,2013,3029.8
Japan,ES - Basic Survey on Wage Structure,Total,Total,U.S. dollars,2014,2827.9
Japan,ES - Basic Survey on Wage Structure,Total,Total,U.S. dollars,2015,2511.5
Japan,ES - Basic Survey on Wage Structure,Total,Total,U.S. dollars,2016,2794.3
Japan,ES - Basic Survey on Wage Structure,Total,Total,U.S. dollars,2017,2712.9
Japan,ES - Basic Survey on Wage Structure,Total,Total,U.S. dollars,2018,2773
Japan,ES - Basic Survey on Wage Structure,Total,Total,U.S. dollars,2019,235.2
Kazakhstan,ADM-EBR - Businesses and organizations register,Total,Total,U.S. dollars,2010,526.7
Kazakhstan,ADM-EBR - Businesses and organizations register,Total,Total,U.S. dollars,2011,614
Kazakhstan,ADM-EBR - Businesses and organizations register,Total,Total,U.S. dollars,2012,679.1
Kazakhstan,ADM-EBR - Businesses and organizations register,Total,Total,U.S. dollars,2013,717.4
Kazakhstan,ADM-EBR - Businesses and organizations register,Total,Total,U.S. dollars,2014,675.4
Kazakhstan,ADM-EBR - Businesses and organizations register,Total,Total,U.S. dollars,2015,568.4
Kazakhstan,ADM-EBR - Businesses and organizations register,Total,Total,U.S. dollars,2016,417.6
Kazakhstan,ADM-EBR - Businesses and organizations register,Total,Total,U.S. dollars,2017,462.7
Kyrgyzstan,"ES - Survey of enterprises, institutions and organisations",Total,Total,U.S. dollars,2013,218.9
Kyrgyzstan,"ES - Survey of enterprises, institutions and organisations",Total,Total,U.S. dollars,2014,214.6
Kyrgyzstan,"ES - Survey of enterprises, institutions and organisations",Total,Total,U.S. dollars,2015,197.3
Kyrgyzstan,"ES - Survey of enterprises, institutions and organisations",Total,Total,U.S. dollars,2016,192.1
Kyrgyzstan,"ES - Survey of enterprises, institutions and organisations",Total,Total,U.S. dollars,2017,17.2
Kyrgyzstan,"ES - Survey of enterprises, institutions and organisations",Total,Total,U.S. dollars,2018,17.9
Cambodia,LFS - Labour force survey,Total,Total,U.S. dollars,2012,120.5
Cambodia,HIES - Household Socio-Economic Survey,Total,Total,U.S. dollars,2010,90.1
Cambodia,HIES - Household Socio-Economic Survey,Total,Total,U.S. dollars,2011,100.4
Cambodia,HIES - Household Socio-Economic Survey,Total,Total,U.S. dollars,2013,123.9
Cambodia,HIES - Household Socio-Economic Survey,Total,Total,U.S. dollars,2014,154.9
Cambodia,HIES - Household Socio-Economic Survey,Total,Total,U.S. dollars,2015,164.2
Cambodia,HIES - Household Socio-Economic Survey,Total,Total,U.S. dollars,2016,183.6
Cambodia,HIES - Household Socio-Economic Survey,Total,Total,U.S. dollars,2017,236.5
"Korea, Republic of",ES - Survey on labor conditions by employment type,Total,Total,U.S. dollars,2010,2409.1
"Korea, Republic of",ES - Survey on labor conditions by employment type,Total,Total,U.S. dollars,2011,2630.8
"Korea, Republic of",ES - Survey on labor conditions by employment type,Total,Total,U.S. dollars,2012,2660.9
"Korea, Republic of",ES - Survey on labor conditions by employment type,Total,Total,U.S. dollars,2013,2846.4
"Korea, Republic of",ES - Survey on labor conditions by employment type,Total,Total,U.S. dollars,2014,3072.5
"Korea, Republic of",ES - Survey on labor conditions by employment type,Total,Total,U.S. dollars,2015,2890
"Korea, Republic of",ES - Survey on labor conditions by employment type,Total,Total,U.S. dollars,2016,2887.7
"Korea, Republic of",ES - Survey on labor conditions by employment type,Total,Total,U.S. dollars,2017,3048.4
"Korea, Republic of",ES - Survey on labor conditions by employment type,Total,Total,U.S. dollars,2018,3264.9
"Korea, Republic of",ES - Survey on labor conditions by employment type,Total,Total,U.S. dollars,2019,3192.2
Kosovo,ADM - Payroll and Payment records,Total,Total,U.S. dollars,2010,411
Kosovo,ADM - Payroll and Payment records,Total,Total,U.S. dollars,2012,453.5
Kosovo,ADM - Payroll and Payment records,Total,Total,U.S. dollars,2013,472.8
Kosovo,ADM - Payroll and Payment records,Total,Total,U.S. dollars,2014,542
Kosovo,ADM - Payroll and Payment records,Total,Total,U.S. dollars,2015,489.3
Kosovo,ADM - Payroll and Payment records,Total,Total,U.S. dollars,2016,497
Kosovo,ADM - Payroll and Payment records,Total,Total,U.S. dollars,2017,535.5
Kuwait,ES - Annual Survey of Establishments,Total,Total,U.S. dollars,2015,1180
Kuwait,ES - Annual Survey of Establishments,Total,Total,U.S. dollars,2016,1168.3
Lao People's Democratic Republic,LFS - Labour Force Survey,Total,Total,U.S. dollars,2010,193.5
Lao People's Democratic Republic,LFS - Labour Force Survey,Total,Total,U.S. dollars,2017,285.6
Lebanon,LFS - Labour force survey,Total,Total,U.S. dollars,2019,780.1
Liberia,LFS - Labour Force Survey,Total,Total,U.S. dollars,2010,4.7
Liberia,HS - School to work transition survey,Total,Total,U.S. dollars,2012,75.8
Liberia,HS - School to work transition survey,Total,Total,U.S. dollars,2014,112.5
Sri Lanka,LFS - Sri Lanka Labour Force Survey,Total,Total,U.S. dollars,2010,121.6
Sri Lanka,LFS - Sri Lanka Labour Force Survey,Total,Total,U.S. dollars,2011,137.7
Sri Lanka,LFS - Sri Lanka Labour Force Survey,Total,Total,U.S. dollars,2014,159.1
Sri Lanka,LFS - Sri Lanka Labour Force Survey,Total,Total,U.S. dollars,2015,177.7
Sri Lanka,LFS - Sri Lanka Labour Force Survey,Total,Total,U.S. dollars,2016,186.1
Sri Lanka,LFS - Sri Lanka Labour Force Survey,Total,Total,U.S. dollars,2017,194.8
Sri Lanka,LFS - Sri Lanka Labour Force Survey,Total,Total,U.S. dollars,2018,194.2
Lithuania,ES - Structure of Earnings Survey,Total,Total,U.S. dollars,2019,1451.3
Lithuania,OE - Annual Statistics on Earnings,Total,Total,U.S. dollars,2015,792.3
Lithuania,OE - Annual Statistics on Earnings,Total,Total,U.S. dollars,2016,856.7
Lithuania,OE - Annual Statistics on Earnings,Total,Total,U.S. dollars,2017,949.4
Lithuania,OE - Annual Statistics on Earnings,Total,Total,U.S. dollars,2018,1091.3
Luxembourg,ADM-IR - Fichiers de l'Inspection Générale de la Sécurité Sociale,Total,Total,U.S. dollars,2011,5971.3
Luxembourg,ADM-IR - Fichiers de l'Inspection Générale de la Sécurité Sociale,Total,Total,U.S. dollars,2012,5591.8
Luxembourg,ADM-IR - Fichiers de l'Inspection Générale de la Sécurité Sociale,Total,Total,U.S. dollars,2013,5942.9
Luxembourg,ADM-IR - Fichiers de l'Inspection Générale de la Sécurité Sociale,Total,Total,U.S. dollars,2015,5248
Luxembourg,ADM-IR - Fichiers de l'Inspection Générale de la Sécurité Sociale,Total,Total,U.S. dollars,2016,5289.2
Luxembourg,ADM-IR - Fichiers de l'Inspection Générale de la Sécurité Sociale,Total,Total,U.S. dollars,2017,5560.6
Luxembourg,ADM-IR - Fichiers de l'Inspection Générale de la Sécurité Sociale,Total,Total,U.S. dollars,2018,5960.8
Latvia,"ES - Survey of economically active commercial companies, individual merchants, peasant or fishermen farms, budgetary institutions, foundations, associations or funds, as well as administrative data.",Total,Total,U.S. dollars,2011,897.8
Latvia,"ES - Survey of economically active commercial companies, individual merchants, peasant or fishermen farms, budgetary institutions, foundations, associations or funds, as well as administrative data.",Total,Total,U.S. dollars,2012,852.6
Latvia,"ES - Survey of economically active commercial companies, individual merchants, peasant or fishermen farms, budgetary institutions, foundations, associations or funds, as well as administrative data.",Total,Total,U.S. dollars,2013,914.6
Latvia,"ES - Survey of economically active commercial companies, individual merchants, peasant or fishermen farms, budgetary institutions, foundations, associations or funds, as well as administrative data.",Total,Total,U.S. dollars,2017,999.2
Latvia,"ES - Survey of economically active commercial companies, individual merchants, peasant or fishermen farms, budgetary institutions, foundations, associations or funds, as well as administrative data.",Total,Total,U.S. dollars,2018,1134.9
Latvia,"ES - Survey of economically active commercial companies, individual merchants, peasant or fishermen farms, budgetary institutions, foundations, associations or funds, as well as administrative data.",Total,Total,U.S. dollars,2019,1155.3
"Macau, China",LFS - Employment Survey,Total,Total,U.S. dollars,2010,1112.2
"Macau, China",LFS - Employment Survey,Total,Total,U.S. dollars,2011,1247.2
"Macau, China",LFS - Employment Survey,Total,Total,U.S. dollars,2012,1376.7
"Macau, China",LFS - Employment Survey,Total,Total,U.S. dollars,2013,1502
"Macau, China",LFS - Employment Survey,Total,Total,U.S. dollars,2014,1627.6
"Macau, China",LFS - Employment Survey,Total,Total,U.S. dollars,2015,1878.5
"Macau, China",LFS - Employment Survey,Total,Total,U.S. dollars,2016,1876.2
"Macau, China",LFS - Employment Survey,Total,Total,U.S. dollars,2017,1868.9
"Macau, China",LFS - Employment Survey,Total,Total,U.S. dollars,2018,1957.3
"Moldova, Republic of","ES - Survey on Employment, Remuneration and Hours of Work",Total,Total,U.S. dollars,2010,240.2
"Moldova, Republic of","ES - Survey on Employment, Remuneration and Hours of Work",Total,Total,U.S. dollars,2011,259.1
"Moldova, Republic of","ES - Survey on Employment, Remuneration and Hours of Work",Total,Total,U.S. dollars,2012,287.1
"Moldova, Republic of","ES - Survey on Employment, Remuneration and Hours of Work",Total,Total,U.S. dollars,2013,291.9
"Moldova, Republic of","ES - Survey on Employment, Remuneration and Hours of Work",Total,Total,U.S. dollars,2014,291.4
"Moldova, Republic of","ES - Survey on Employment, Remuneration and Hours of Work",Total,Total,U.S. dollars,2015,241.2
"Moldova, Republic of","ES - Survey on Employment, Remuneration and Hours of Work",Total,Total,U.S. dollars,2016,250.8
"Moldova, Republic of","ES - Survey on Employment, Remuneration and Hours of Work",Total,Total,U.S. dollars,2017,25.2
"Moldova, Republic of","ES - Survey on Employment, Remuneration and Hours of Work",Total,Total,U.S. dollars,2018,31.1
"Moldova, Republic of","ES - Survey on Employment, Remuneration and Hours of Work",Total,Total,U.S. dollars,2019,411.6
Madagascar,LFS - Enquête Nationale sur l'Emploi et le Secteur Informel,Total,Total,U.S. dollars,2012,67.6
Madagascar,LFS - Enquête Nationale sur l'Emploi et le Secteur Informel,Total,Total,U.S. dollars,2015,71.4
Maldives,HIES - Household Income and Expenditure Survey,Total,Total,U.S. dollars,2016,700.5
Mexico,LFS - Encuesta Nacional de Ocupación y Empleo,Total,Total,U.S. dollars,2010,390
Mexico,LFS - Encuesta Nacional de Ocupación y Empleo,Total,Total,U.S. dollars,2011,403.2
Mexico,LFS - Encuesta Nacional de Ocupación y Empleo,Total,Total,U.S. dollars,2012,392.1
Mexico,LFS - Encuesta Nacional de Ocupación y Empleo,Total,Total,U.S. dollars,2019,343.3
North Macedonia,ES - Survey on employees and net wages,Total,Total,U.S. dollars,2010,650.2
Mali,LFS - Enquête Emploi Permanente Auprès des Ménages (EPAM),Total,Total,U.S. dollars,2013,156.8
Mali,LFS - Enquête Emploi Permanente Auprès des Ménages (EPAM),Total,Total,U.S. dollars,2014,147.4
Mali,LFS - Enquête Emploi Permanente Auprès des Ménages (EPAM),Total,Total,U.S. dollars,2015,109.3
Mali,LFS - Enquête Emploi Permanente Auprès des Ménages (EPAM),Total,Total,U.S. dollars,2016,118.2
Mali,LFS - Enquête Emploi Permanente Auprès des Ménages (EPAM),Total,Total,U.S. dollars,2017,119.9
Mali,LFS - Enquête Emploi Permanente Auprès des Ménages (EPAM),Total,Total,U.S. dollars,2018,131.8
Myanmar,LFS - Labour force survey,Total,Total,U.S. dollars,2015,107.7
Montenegro,ES - Survey on employees and wages,Total,Total,U.S. dollars,2010,947.9
Montenegro,ES - Survey on employees and wages,Total,Total,U.S. dollars,2011,1005
Montenegro,ES - Survey on employees and wages,Total,Total,U.S. dollars,2012,934
Montenegro,ES - Survey on employees and wages,Total,Total,U.S. dollars,2015,804.4
Montenegro,ES - Survey on employees and wages,Total,Total,U.S. dollars,2017,864.2
Montenegro,ES - Survey on employees and wages,Total,Total,U.S. dollars,2018,904.6
Montenegro,ES - Survey on employees and wages,Total,Total,U.S. dollars,2019,865.4
Mongolia,ADM-IR - Report of the General Authority for Social insurance,Total,Total,U.S. dollars,2010,251.6
Mongolia,ADM-IR - Report of the General Authority for Social insurance,Total,Total,U.S. dollars,2011,335.2
Mongolia,ADM-IR - Report of the General Authority for Social insurance,Total,Total,U.S. dollars,2012,410.7
Mongolia,ADM-IR - Report of the General Authority for Social insurance,Total,Total,U.S. dollars,2014,438.2
Mongolia,ADM-IR - Report of the General Authority for Social insurance,Total,Total,U.S. dollars,2015,410.1
Mongolia,ADM-IR - Report of the General Authority for Social insurance,Total,Total,U.S. dollars,2016,402.7
Mongolia,ADM-IR - Report of the General Authority for Social insurance,Total,Total,U.S. dollars,2017,387.1
Mongolia,ADM-IR - Report of the General Authority for Social insurance,Total,Total,U.S. dollars,2018,405.6
Mongolia,ADM-IR - Report of the General Authority for Social insurance,Total,Total,U.S. dollars,2019,422.1
Mauritius,LFS - Continuous Multi-Purpose Household Survey,Total,Total,U.S. dollars,2010,461.6
Mauritius,LFS - Continuous Multi-Purpose Household Survey,Total,Total,U.S. dollars,2011,514.6
Mauritius,LFS - Continuous Multi-Purpose Household Survey,Total,Total,U.S. dollars,2012,519.5
Mauritius,LFS - Continuous Multi-Purpose Household Survey,Total,Total,U.S. dollars,2013,545.5
Mauritius,LFS - Continuous Multi-Purpose Household Survey,Total,Total,U.S. dollars,2014,618.3
Mauritius,LFS - Continuous Multi-Purpose Household Survey,Total,Total,U.S. dollars,2015,574.8
Mauritius,LFS - Continuous Multi-Purpose Household Survey,Total,Total,U.S. dollars,2016,568.8
Mauritius,LFS - Continuous Multi-Purpose Household Survey,Total,Total,U.S. dollars,2017,615.6
Mauritius,LFS - Continuous Multi-Purpose Household Survey,Total,Total,U.S. dollars,2018,649.3
Mauritius,LFS - Continuous Multi-Purpose Household Survey,Total,Total,U.S. dollars,2019,578.6
Malaysia,ES - Salaries and Wages Survey,Total,Total,U.S. dollars,2011,591.2
Malaysia,ES - Salaries and Wages Survey,Total,Total,U.S. dollars,2012,617.1
Malaysia,ES - Salaries and Wages Survey,Total,Total,U.S. dollars,2014,670.1
Malaysia,ES - Salaries and Wages Survey,Total,Total,U.S. dollars,2015,592
Malaysia,ES - Salaries and Wages Survey,Total,Total,U.S. dollars,2016,593.7
Malaysia,ES - Salaries and Wages Survey,Total,Total,U.S. dollars,2017,669.5
Malaysia,ES - Salaries and Wages Survey,Total,Total,U.S. dollars,2018,765
Namibia,LFS - Labour force survey,Total,Total,U.S. dollars,2012,686.4
Namibia,LFS - Labour force survey,Total,Total,U.S. dollars,2013,701.9
Namibia,LFS - Labour force survey,Total,Total,U.S. dollars,2014,612.2
Namibia,LFS - Labour force survey,Total,Total,U.S. dollars,2016,471
Namibia,LFS - Labour force survey,Total,Total,U.S. dollars,2018,546.6
Niger,LFS - Enquête Nationale sur l'Emploi et le Secteur Informel,Total,Total,U.S. dollars,2012,151.2
Niger,HIES - Enquête Nationale sur les Conditions de Vie de Ménages,Total,Total,U.S. dollars,2011,119.2
Niger,SNA - Estimation des Comptes Economiques de la Nation,Total,Total,U.S. dollars,2010,51.1
Nigeria,HS - General Household Survey,Total,Total,U.S. dollars,2011,4558.6
Nigeria,HS - General Household Survey,Total,Total,U.S. dollars,2013,2748.8
Nicaragua,LFS - Encuesta Continua de Hogares,Total,Total,U.S. dollars,2012,189.2
Nicaragua,ES - Encuesta Mensual de Empleo y Salario a establecimientos del sector formal,Total,Total,U.S. dollars,2013,301.9
Norway,ES - Labour-related establishment survey,Total,Total,U.S. dollars,2010,6303.6
Norway,ES - Labour-related establishment survey,Total,Total,U.S. dollars,2011,7065.6
Norway,ES - Labour-related establishment survey,Total,Total,U.S. dollars,2012,7047.7
Norway,ES - Labour-related establishment survey,Total,Total,U.S. dollars,2013,7234
Norway,ES - Labour-related establishment survey,Total,Total,U.S. dollars,2014,6950.5
Norway,ES - Labour-related establishment survey,Total,Total,U.S. dollars,2015,5580.2
Norway,ES - Labour-related establishment survey,Total,Total,U.S. dollars,2017,5356.8
Norway,ES - Labour-related establishment survey,Total,Total,U.S. dollars,2018,5608.4
Nepal,LFS - Nepal Labour Force Survey,Total,Total,U.S. dollars,2017,170.4
New Zealand,ADM - Linked employer-employee data,Total,Total,U.S. dollars,2010,2839
New Zealand,ADM - Linked employer-employee data,Total,Total,U.S. dollars,2014,3666.7
New Zealand,ADM - Linked employer-employee data,Total,Total,U.S. dollars,2015,3153.5
New Zealand,ADM - Linked employer-employee data,Total,Total,U.S. dollars,2016,3230
New Zealand,ADM - Linked employer-employee data,Total,Total,U.S. dollars,2017,3382.1
Pakistan,LFS - Labour Force Survey,Total,Total,U.S. dollars,2010,104.9
Pakistan,LFS - Labour Force Survey,Total,Total,U.S. dollars,2011,116.9
Pakistan,LFS - Labour Force Survey,Total,Total,U.S. dollars,2013,123.7
Pakistan,LFS - Labour Force Survey,Total,Total,U.S. dollars,2014,135.5
Pakistan,LFS - Labour Force Survey,Total,Total,U.S. dollars,2015,151.4
Pakistan,LFS - Labour Force Survey,Total,Total,U.S. dollars,2017,178.5
Pakistan,LFS - Labour Force Survey,Total,Total,U.S. dollars,2018,158.2
Panama,LFS - Encuesta de Mercado Laboral,Total,Total,U.S. dollars,2010,583.6
Panama,LFS - Encuesta de Mercado Laboral,Total,Total,U.S. dollars,2011,588.2
Panama,LFS - Encuesta de Mercado Laboral,Total,Total,U.S. dollars,2012,645
Panama,LFS - Encuesta de Mercado Laboral,Total,Total,U.S. dollars,2013,692.9
Panama,LFS - Encuesta de Mercado Laboral,Total,Total,U.S. dollars,2014,704
Panama,LFS - Encuesta de Mercado Laboral,Total,Total,U.S. dollars,2015,753.7
Panama,LFS - Encuesta de Mercado Laboral,Total,Total,U.S. dollars,2016,803.1
Panama,LFS - Encuesta de Mercado Laboral,Total,Total,U.S. dollars,2017,854.9
Panama,LFS - Encuesta de Mercado Laboral,Total,Total,U.S. dollars,2018,870.5
Panama,LFS - Encuesta de Mercado Laboral,Total,Total,U.S. dollars,2019,895.4
Peru,HS - Encuesta Nacional de Hogares,Total,Total,U.S. dollars,2010,367.8
Peru,HS - Encuesta Nacional de Hogares,Total,Total,U.S. dollars,2011,401.4
Peru,HS - Encuesta Nacional de Hogares,Total,Total,U.S. dollars,2012,451.5
Peru,HS - Encuesta Nacional de Hogares,Total,Total,U.S. dollars,2019,475
Peru,ADM - Planillas Electrónicas,Total,Total,U.S. dollars,2013,738
Peru,ADM - Planillas Electrónicas,Total,Total,U.S. dollars,2014,731.2
Peru,ADM - Planillas Electrónicas,Total,Total,U.S. dollars,2015,674.2
Peru,ADM - Planillas Electrónicas,Total,Total,U.S. dollars,2016,655.6
Peru,ADM - Planillas Electrónicas,Total,Total,U.S. dollars,2017,699.6
Peru,ADM - Planillas Electrónicas,Total,Total,U.S. dollars,2018,716.5
Philippines,LFS - Labor Force Survey,Total,Total,U.S. dollars,2010,207
Philippines,LFS - Labor Force Survey,Total,Total,U.S. dollars,2011,223.2
Philippines,LFS - Labor Force Survey,Total,Total,U.S. dollars,2012,240.8
Philippines,LFS - Labor Force Survey,Total,Total,U.S. dollars,2013,250.7
Philippines,LFS - Labor Force Survey,Total,Total,U.S. dollars,2014,251.5
Philippines,LFS - Labor Force Survey,Total,Total,U.S. dollars,2015,252.8
Philippines,LFS - Labor Force Survey,Total,Total,U.S. dollars,2016,257.2
Philippines,LFS - Labor Force Survey,Total,Total,U.S. dollars,2017,250.9
Philippines,LFS - Labor Force Survey,Total,Total,U.S. dollars,2018,256.1
Philippines,LFS - Labor Force Survey,Total,Total,U.S. dollars,2019,283.7
Poland,ES - Establishment statistical surveys,Total,Total,U.S. dollars,2010,1069.3
Poland,ES - Establishment statistical surveys,Total,Total,U.S. dollars,2011,1148.7
Poland,ES - Establishment statistical surveys,Total,Total,U.S. dollars,2012,1084.1
Poland,ES - Establishment statistical surveys,Total,Total,U.S. dollars,2013,1157.8
Poland,ES - Establishment statistical surveys,Total,Total,U.S. dollars,2014,1197.3
Poland,ES - Establishment statistical surveys,Total,Total,U.S. dollars,2015,1036.7
Poland,ES - Establishment statistical surveys,Total,Total,U.S. dollars,2016,1026.5
Poland,ES - Establishment statistical surveys,Total,Total,U.S. dollars,2017,1133.5
Poland,ES - Establishment statistical surveys,Total,Total,U.S. dollars,2018,105.9
Poland,ES - Establishment statistical surveys,Total,Total,U.S. dollars,2019,106.8
Portugal,LFS - Inquérito ao Emprego,Total,Total,U.S. dollars,2011,1128.9
Portugal,LFS - Inquérito ao Emprego,Total,Total,U.S. dollars,2012,1044.5
Portugal,LFS - Inquérito ao Emprego,Total,Total,U.S. dollars,2013,1073.1
Portugal,LFS - Inquérito ao Emprego,Total,Total,U.S. dollars,2015,918.7
Portugal,LFS - Inquérito ao Emprego,Total,Total,U.S. dollars,2016,928.7
Portugal,LFS - Inquérito ao Emprego,Total,Total,U.S. dollars,2017,967
Portugal,LFS - Inquérito ao Emprego,Total,Total,U.S. dollars,2018,1048.7
Portugal,ES - Enquête sur les Gains et la Durée du Travail,Total,Total,U.S. dollars,2010,1476.7
Paraguay,HS - Encuesta Permanente de Hogares,Total,Total,U.S. dollars,2010,294.3
Paraguay,HS - Encuesta Permanente de Hogares,Total,Total,U.S. dollars,2011,389.9
Paraguay,HS - Encuesta Permanente de Hogares,Total,Total,U.S. dollars,2012,380.4
Paraguay,HS - Encuesta Permanente de Hogares,Total,Total,U.S. dollars,2013,442.3
Paraguay,HS - Encuesta Permanente de Hogares,Total,Total,U.S. dollars,2014,458.1
Paraguay,HS - Encuesta Permanente de Hogares,Total,Total,U.S. dollars,2015,402.3
Paraguay,HS - Encuesta Permanente de Hogares,Total,Total,U.S. dollars,2016,371.2
Paraguay,HS - Encuesta Permanente de Hogares,Total,Total,U.S. dollars,2017,387.2
Paraguay,HS - Encuesta Permanente de Hogares Continua,Total,Total,U.S. dollars,2018,420.1
Paraguay,HS - Encuesta Permanente de Hogares Continua,Total,Total,U.S. dollars,2019,391.4
Qatar,LFS - Labor force sample survey,Total,Total,U.S. dollars,2011,2033.2
Qatar,LFS - Labor force sample survey,Total,Total,U.S. dollars,2012,2377.5
Qatar,LFS - Labor force sample survey,Total,Total,U.S. dollars,2013,2655.8
Qatar,LFS - Labor force sample survey,Total,Total,U.S. dollars,2014,2879.9
Qatar,LFS - Labor force sample survey,Total,Total,U.S. dollars,2015,2903.3
Qatar,LFS - Labor force sample survey,Total,Total,U.S. dollars,2016,2965.1
Qatar,LFS - Labor force sample survey,Total,Total,U.S. dollars,2017,3049.2
Qatar,LFS - Labor force sample survey,Total,Total,U.S. dollars,2018,3055.2
Réunion,ADM-EOR - Registres du Pôle emploi,Total,Total,U.S. dollars,2012,3487.2
Romania,ES - Enquête sur le Coût de la Main-d'oeuvre,Total,Total,U.S. dollars,2010,598.5
Romania,ES - Enquête sur le Coût de la Main-d'oeuvre,Total,Total,U.S. dollars,2011,649.5
Romania,ES - Enquête sur le Coût de la Main-d'oeuvre,Total,Total,U.S. dollars,2012,594.8
Romania,ES - Enquête sur le Coût de la Main-d'oeuvre,Total,Total,U.S. dollars,2013,650
Romania,ES - Enquête sur le Coût de la Main-d'oeuvre,Total,Total,U.S. dollars,2016,692
Romania,ES - Enquête sur le Coût de la Main-d'oeuvre,Total,Total,U.S. dollars,2018,1105.4
Russia,ES - Establishments sample survey on employees' wages by occupation,Total,Total,U.S. dollars,2010,689.9
Russia,ES - Establishments sample survey on employees' wages by occupation,Total,Total,U.S. dollars,2011,795.3
Russia,ES - Establishments sample survey on employees' wages by occupation,Total,Total,U.S. dollars,2012,863.5
Russia,ES - Establishments sample survey on employees' wages by occupation,Total,Total,U.S. dollars,2013,935.8
Russia,ES - Establishments sample survey on employees' wages by occupation,Total,Total,U.S. dollars,2014,846.7
Russia,ES - Establishments sample survey on employees' wages by occupation,Total,Total,U.S. dollars,2015,558.4
Russia,ES - Establishments sample survey on employees' wages by occupation,Total,Total,U.S. dollars,2016,547.4
Russia,ES - Establishments sample survey on employees' wages by occupation,Total,Total,U.S. dollars,2017,661.8
Rwanda,LFS - Enquête sur la population active,Total,Total,U.S. dollars,2017,68.2
Rwanda,HIES - Enquête Intégrale sur les Conditions de Vie de Ménages,Total,Total,U.S. dollars,2014,97.5
Saudi Arabia,LFS - Labour force survey,Total,Total,U.S. dollars,2011,1341.6
Saudi Arabia,LFS - Labour force survey,Total,Total,U.S. dollars,2012,1409.3
Saudi Arabia,LFS - Labour force survey,Total,Total,U.S. dollars,2013,1488
Saudi Arabia,LFS - Labour force survey,Total,Total,U.S. dollars,2014,1626.3
Saudi Arabia,LFS - Labour force survey,Total,Total,U.S. dollars,2015,1710.2
Sudan,LFS - Household Survey,Total,Total,U.S. dollars,2011,2864.3
Singapore,LFS - Labour Force Survey,Total,Total,U.S. dollars,2016,2935.8
Singapore,LFS - Labour Force Survey,Total,Total,U.S. dollars,2017,3064.6
Singapore,LFS - Labour Force Survey,Total,Total,U.S. dollars,2018,3289.5
Singapore,LFS - Labour Force Survey,Total,Total,U.S. dollars,2019,3344.9
Singapore,ADM-IR - Records of the Central Provident Fund,Total,Total,U.S. dollars,2010,2998.9
Singapore,ADM-IR - Records of the Central Provident Fund,Total,Total,U.S. dollars,2012,3547.3
Singapore,ADM-IR - Records of the Central Provident Fund,Total,Total,U.S. dollars,2013,3693.8
Singapore,ADM-IR - Records of the Central Provident Fund,Total,Total,U.S. dollars,2014,3730.7
Singapore,ADM-IR - Records of the Central Provident Fund,Total,Total,U.S. dollars,2015,3558.3
El Salvador,HS - Encuesta de Hogares de Propósitos Múltiples,Total,Total,U.S. dollars,2010,272.8
El Salvador,HS - Encuesta de Hogares de Propósitos Múltiples,Total,Total,U.S. dollars,2011,273.9
El Salvador,HS - Encuesta de Hogares de Propósitos Múltiples,Total,Total,U.S. dollars,2012,283.6
El Salvador,HS - Encuesta de Hogares de Propósitos Múltiples,Total,Total,U.S. dollars,2013,304.7
El Salvador,HS - Encuesta de Hogares de Propósitos Múltiples,Total,Total,U.S. dollars,2014,302.9
El Salvador,HS - Encuesta de Hogares de Propósitos Múltiples,Total,Total,U.S. dollars,2015,306.8
El Salvador,HS - Encuesta de Hogares de Propósitos Múltiples,Total,Total,U.S. dollars,2016,296.9
El Salvador,HS - Encuesta de Hogares de Propósitos Múltiples,Total,Total,U.S. dollars,2017,318.6
El Salvador,HS - Encuesta de Hogares de Propósitos Múltiples,Total,Total,U.S. dollars,2018,332.1
El Salvador,HS - Encuesta de Hogares de Propósitos Múltiples,Total,Total,U.S. dollars,2019,347.3
Serbia,LFS - Labour force survey,Total,Total,U.S. dollars,2010,377.7
Serbia,LFS - Labour force survey,Total,Total,U.S. dollars,2015,318.1
Serbia,LFS - Labour force survey,Total,Total,U.S. dollars,2016,316.5
Serbia,LFS - Labour force survey,Total,Total,U.S. dollars,2017,335.5
Serbia,LFS - Labour force survey,Total,Total,U.S. dollars,2018,383.7
Serbia,ADM - Tax Administration records,Total,Total,U.S. dollars,2019,704.6
Slovakia,ES - Annual Structure of Earnings Survey,Total,Total,U.S. dollars,2010,1107
Slovakia,ES - Annual Structure of Earnings Survey,Total,Total,U.S. dollars,2011,1190.1
Slovakia,ES - Annual Structure of Earnings Survey,Total,Total,U.S. dollars,2012,1140.9
Slovakia,ES - Annual Structure of Earnings Survey,Total,Total,U.S. dollars,2013,1211.2
Slovakia,ES - Annual Structure of Earnings Survey,Total,Total,U.S. dollars,2014,1281.3
Slovakia,ES - Annual Structure of Earnings Survey,Total,Total,U.S. dollars,2015,1106.2
Slovakia,ES - Annual Structure of Earnings Survey,Total,Total,U.S. dollars,2016,1155.6
Slovakia,ES - Annual Structure of Earnings Survey,Total,Total,U.S. dollars,2017,1244.3
Slovakia,ES - Annual Structure of Earnings Survey,Total,Total,U.S. dollars,2018,1388
Slovakia,ES - Annual Structure of Earnings Survey,Total,Total,U.S. dollars,2019,1412.8
Slovenia,ADM - Structure of earnings records,Total,Total,U.S. dollars,2011,2202.1
Slovenia,ADM - Structure of earnings records,Total,Total,U.S. dollars,2015,1832.9
Slovenia,ADM - Structure of earnings records,Total,Total,U.S. dollars,2016,1866.2
Slovenia,ADM - Structure of earnings records,Total,Total,U.S. dollars,2018,2099.7
Sweden,ES - Salary Structure Statistics,Total,Total,U.S. dollars,2015,3793.8
Sweden,ES - Salary Structure Statistics,Total,Total,U.S. dollars,2016,3830.9
Sweden,ES - Salary Structure Statistics,Total,Total,U.S. dollars,2017,3942.1
Sweden,ES - Salary Structure Statistics,Total,Total,U.S. dollars,2018,3980.4
Sweden,ES - Salary Structure Statistics,Total,Total,U.S. dollars,2019,3732.2
Eswatini,LFS - Labour force survey,Total,Total,U.S. dollars,2016,310.9
Seychelles,ADM-IR - Records of the Treasury Department and Seychelles Revenue Commission,Total,Total,U.S. dollars,2010,579
Seychelles,ADM-IR - Records of the Treasury Department and Seychelles Revenue Commission,Total,Total,U.S. dollars,2011,640.3
Seychelles,ADM-IR - Records of the Treasury Department and Seychelles Revenue Commission,Total,Total,U.S. dollars,2012,636.5
Seychelles,ADM-IR - Records of the Treasury Department and Seychelles Revenue Commission,Total,Total,U.S. dollars,2018,955.9
Seychelles,ADM-IR - Records of the Treasury Department and Seychelles Revenue Commission,Total,Total,U.S. dollars,2019,1049.8
Syrian Arab Republic,LFS - Labour force survey,Total,Total,U.S. dollars,2010,1010.6
Chad,HIES - Enquête Modulaire et Intégrée sur les Conditions de Vie des Ménages,Total,Total,U.S. dollars,2018,219.2
Togo,LFS - Enquête Régionale Intégrée sur l'Emploi et le Secteur Informel,Total,Total,U.S. dollars,2017,153.8
Togo,HIES - Questionnaire des Indicateurs de Base du Bien-être,Total,Total,U.S. dollars,2011,241.4
Togo,HIES - Questionnaire des Indicateurs de Base du Bien-être,Total,Total,U.S. dollars,2015,257.9
Togo,HS - Enquête sur la transition de l'école vers la vie active,Total,Total,U.S. dollars,2014,340.4
Thailand,LFS - Labour force survey,Total,Total,U.S. dollars,2011,339.1
Thailand,LFS - Labour force survey,Total,Total,U.S. dollars,2012,359.8
Thailand,LFS - Labour force survey,Total,Total,U.S. dollars,2014,441.9
Thailand,LFS - Labour force survey,Total,Total,U.S. dollars,2015,324.3
Thailand,LFS - Labour force survey,Total,Total,U.S. dollars,2016,419.8
Thailand,LFS - Labour force survey,Total,Total,U.S. dollars,2017,435.1
Thailand,LFS - Labour force survey,Total,Total,U.S. dollars,2018,462.5
Thailand,LFS - Labour force survey,Total,Total,U.S. dollars,2019,489.6
Tajikistan,EC - Labour reports,Total,Total,U.S. dollars,2010,80.9
Tajikistan,EC - Labour reports,Total,Total,U.S. dollars,2011,95.9
Tajikistan,EC - Labour reports,Total,Total,U.S. dollars,2012,117.2
Tajikistan,EC - Labour reports,Total,Total,U.S. dollars,2013,145.9
Tajikistan,EC - Labour reports,Total,Total,U.S. dollars,2014,165.3
Tajikistan,EC - Labour reports,Total,Total,U.S. dollars,2015,142.6
Tajikistan,EC - Labour reports,Total,Total,U.S. dollars,2016,122.8
Tajikistan,EC - Labour reports,Total,Total,U.S. dollars,2017,134.3
Timor-Leste,LFS - Labour Force Survey,Total,Total,U.S. dollars,2010,174.3
Timor-Leste,LFS - Labour Force Survey,Total,Total,U.S. dollars,2013,711.1
Timor-Leste,LFS - Labour Force Survey,Total,Total,U.S. dollars,2016,321.9
Tonga,LFS - Labour force survey,Total,Total,U.S. dollars,2018,688.4
Trinidad and Tobago,LFS - Continuous Sample Survey of the Population,Total,Total,U.S. dollars,2011,754.7
Trinidad and Tobago,LFS - Continuous Sample Survey of the Population,Total,Total,U.S. dollars,2012,774.7
Trinidad and Tobago,LFS - Continuous Sample Survey of the Population,Total,Total,U.S. dollars,2013,797.6
Trinidad and Tobago,LFS - Continuous Sample Survey of the Population,Total,Total,U.S. dollars,2014,847.9
Trinidad and Tobago,LFS - Continuous Sample Survey of the Population,Total,Total,U.S. dollars,2015,871.9
Trinidad and Tobago,LFS - Continuous Sample Survey of the Population,Total,Total,U.S. dollars,2016,863.5
Turkey,ES - Structure of Earnings Survey,Total,Total,U.S. dollars,2018,820.1
"Tanzania, United Republic of",ES - Employment and Earnings survey,Total,Total,U.S. dollars,2011,236.7
"Tanzania, United Republic of",ES - Employment and Earnings survey,Total,Total,U.S. dollars,2012,226.9
"Tanzania, United Republic of",ES - Employment and Earnings survey,Total,Total,U.S. dollars,2014,184.1
Uganda,LFS - National Labour Force,Total,Total,U.S. dollars,2012,106
Uganda,LFS - National Labour Force,Total,Total,U.S. dollars,2017,106.2
Ukraine,ES - Survey of enterprises on matters pertaining to labor statistics,Total,Total,U.S. dollars,2010,282.1
Ukraine,ES - Survey of enterprises on matters pertaining to labor statistics,Total,Total,U.S. dollars,2011,330.5
Ukraine,ES - Survey of enterprises on matters pertaining to labor statistics,Total,Total,U.S. dollars,2012,378.7
Ukraine,ES - Survey of enterprises on matters pertaining to labor statistics,Total,Total,U.S. dollars,2013,408.5
Ukraine,ES - Survey of enterprises on matters pertaining to labor statistics,Total,Total,U.S. dollars,2014,292.8
Ukraine,ES - Survey of enterprises on matters pertaining to labor statistics,Total,Total,U.S. dollars,2015,192
Ukraine,ES - Survey of enterprises on matters pertaining to labor statistics,Total,Total,U.S. dollars,2016,202.8
Ukraine,ES - Survey of enterprises on matters pertaining to labor statistics,Total,Total,U.S. dollars,2017,267.1
Ukraine,ES - Survey of enterprises on matters pertaining to labor statistics,Total,Total,U.S. dollars,2018,325.9
Uruguay,LFS - Encuesta Continua de Hogares,Total,Total,U.S. dollars,2010,699
Uruguay,LFS - Encuesta Continua de Hogares,Total,Total,U.S. dollars,2011,840.6
Uruguay,LFS - Encuesta Continua de Hogares,Total,Total,U.S. dollars,2012,885.2
Uruguay,LFS - Encuesta Continua de Hogares,Total,Total,U.S. dollars,2013,986.8
Uruguay,LFS - Encuesta Continua de Hogares,Total,Total,U.S. dollars,2014,986.8
Uruguay,LFS - Encuesta Continua de Hogares,Total,Total,U.S. dollars,2015,925.5
Uruguay,LFS - Encuesta Continua de Hogares,Total,Total,U.S. dollars,2016,860.3
Uruguay,LFS - Encuesta Continua de Hogares,Total,Total,U.S. dollars,2017,1055
Uruguay,LFS - Encuesta Continua de Hogares,Total,Total,U.S. dollars,2018,1044.5
Uruguay,LFS - Encuesta Continua de Hogares,Total,Total,U.S. dollars,2019,989.2
USA,LFS - Current Population Survey,Total,Total,U.S. dollars,2010,3389
USA,LFS - Current Population Survey,Total,Total,U.S. dollars,2011,3433.6
USA,LFS - Current Population Survey,Total,Total,U.S. dollars,2012,3512.3
USA,LFS - Current Population Survey,Total,Total,U.S. dollars,2013,3578.8
USA,LFS - Current Population Survey,Total,Total,U.S. dollars,2014,3623.5
USA,LFS - Current Population Survey,Total,Total,U.S. dollars,2015,3728.4
USA,LFS - Current Population Survey,Total,Total,U.S. dollars,2016,3834.6
USA,LFS - Current Population Survey,Total,Total,U.S. dollars,2017,3955.2
USA,LFS - Current Population Survey,Total,Total,U.S. dollars,2018,4088.5
USA,LFS - Current Population Survey,Total,Total,U.S. dollars,2019,4233.1
Uzbekistan,OE - Official Estimates,Total,Total,U.S. dollars,2013,413.3
Uzbekistan,OE - Official Estimates,Total,Total,U.S. dollars,2014,436.1
Uzbekistan,OE - Official Estimates,Total,Total,U.S. dollars,2015,456.3
Uzbekistan,OE - Official Estimates,Total,Total,U.S. dollars,2016,436.3
Uzbekistan,OE - Official Estimates,Total,Total,U.S. dollars,2017,285.1
Uzbekistan,OE - Official Estimates,Total,Total,U.S. dollars,2018,225.9
Uzbekistan,OE - Official Estimates,Total,Total,U.S. dollars,2019,263.1
Viet Nam,LFS - Labour force survey,Total,Total,U.S. dollars,2010,135.3
Viet Nam,LFS - Labour force survey,Total,Total,U.S. dollars,2011,152.3
Viet Nam,LFS - Labour force survey,Total,Total,U.S. dollars,2012,180.4
Viet Nam,LFS - Labour force survey,Total,Total,U.S. dollars,2013,195.8
Viet Nam,LFS - Labour force survey,Total,Total,U.S. dollars,2014,211.4
Viet Nam,LFS - Labour force survey,Total,Total,U.S. dollars,2015,236.3
Viet Nam,LFS - Labour force survey,Total,Total,U.S. dollars,2016,250.4
Viet Nam,LFS - Labour force survey,Total,Total,U.S. dollars,2017,240.1
Viet Nam,LFS - Labour force survey,Total,Total,U.S. dollars,2018,255.6
Viet Nam,LFS - Labour force survey,Total,Total,U.S. dollars,2019,288.8
Vanuatu,HIES - Household Income and Expenditure Survey,Total,Total,U.S. dollars,2010,447.3
Samoa,LFS - Labour force survey,Total,Total,U.S. dollars,2012,619
Samoa,LFS - Labour force survey,Total,Total,U.S. dollars,2017,500.4
Yemen,LFS - Labour force survey,Total,Total,U.S. dollars,2010,163.4
Yemen,LFS - Labour force survey,Total,Total,U.S. dollars,2014,310.7
South Africa,LFS - Quarterly Labour Force Survey,Total,Total,U.S. dollars,2011,830.7
South Africa,LFS - Quarterly Labour Force Survey,Total,Total,U.S. dollars,2012,821.4
South Africa,LFS - Quarterly Labour Force Survey,Total,Total,U.S. dollars,2013,848.7
South Africa,LFS - Quarterly Labour Force Survey,Total,Total,U.S. dollars,2015,243
South Africa,LFS - Quarterly Labour Force Survey,Total,Total,U.S. dollars,2017,262.7
South Africa,LFS - Quarterly Labour Force Survey,Total,Total,U.S. dollars,2018,264.5
South Africa,LFS - Quarterly Labour Force Survey,Total,Total,U.S. dollars,2019,263
Zambia,LFS - Labour Force Survey,Total,Total,U.S. dollars,2017,422
Zambia,LFS - Labour Force Survey,Total,Total,U.S. dollars,2018,302.1
